data_post,texto_post,username_curtiu,nome_completo_curtiu,verificado,url_foto_perfil,status_relacao
2022-05-16T09:32:43.000Z,,scadrianrev,scadrianrev,False,https://scontent-gru2-1.cdninstagram.com/v/t51.82787-19/671766788_18405760948151169_1757241274212665384_n.jpg?stp=dst-jpg_s150x150_tt6&efg=eyJ2ZW5jb2RlX3RhZyI6InByb2ZpbGVfcGljLmRqYW5nby4xMDgwLmMyIn0&_nc_ht=scontent-gru2-1.cdninstagram.com&_nc_cat=109&_nc_oc=Q6cZ2gGfdxv9wB8JLhUMWmwpAtFQ25bqEyIAqqoWjqNy-isIfqhSSLjYa_A-ca4twpPQlmwag5dP3_7Wj_yRyxR22mgI&_nc_ohc=Q9Q0lfU4fqAQ7kNvwFjmf6H&_nc_gid=HxnDQSP8JQuKfwModOC9RQ&edm=ABDp2nEBAAAA&ccb=7-5&oh=00_Af7XKJBEZLETDeZzWGTSTlMSvrDTnao_T5MCh6CJI4dghw&oe=6A154BD4&_nc_sid=ae056e,Seguir
2022-05-16T09:32:43.000Z,,ildanijones,ildanijones,False,https://scontent-gru2-1.cdninstagram.com/v/t51.82787-19/522652395_18513442255062475_5855585356776150905_n.jpg?stp=dst-jpg_s150x150_tt6&efg=eyJ2ZW5jb2RlX3RhZyI6InByb2ZpbGVfcGljLmRqYW5nby43NzIuYzIifQ&_nc_ht=scontent-gru2-1.cdninstagram.com&_nc_cat=107&_nc_oc=Q6cZ2gGfdxv9wB8JLhUMWmwpAtFQ25bqEyIAqqoWjqNy-isIfqhSSLjYa_A-ca4twpPQlmwag5dP3_7Wj_yRyxR22mgI&_nc_ohc=0PxylDfrWdAQ7kNvwHQgZg-&_nc_gid=HxnDQSP8JQuKfwModOC9RQ&edm=ABDp2nEBAAAA&ccb=7-5&oh=00_Af4WhQwW--LojOWAw51TvXbv2HZ3NO03AECviIXsAWJVQw&oe=6A1547E8&_nc_sid=ae056e,Seguir
2022-05-16T09:32:43.000Z,,sarahlabador8,sarahlabador8,False,https://scontent-gru2-2.cdninstagram.com/v/t51.2885-19/461204475_2633417080196678_197572503404717603_n.jpg?stp=dst-jpg_s150x150_tt6&efg=eyJ2ZW5jb2RlX3RhZyI6InByb2ZpbGVfcGljLmRqYW5nby4xMDgwLmMyIn0&_nc_ht=scontent-gru2-2.cdninstagram.com&_nc_cat=102&_nc_oc=Q6cZ2gGfdxv9wB8JLhUMWmwpAtFQ25bqEyIAqqoWjqNy-isIfqhSSLjYa_A-ca4twpPQlmwag5dP3_7Wj_yRyxR22mgI&_nc_ohc=ZHUlbHtN_y0Q7kNvwHxmjAz&_nc_gid=HxnDQSP8JQuKfwModOC9RQ&edm=ABDp2nEBAAAA&ccb=7-5&oh=00_Af4a8d6PAJLcA2mkvg1Gvd_IU8ignuMxMaf_aTnMpwB6ZQ&oe=6A155D73&_nc_sid=ae056e,Seguir
2022-05-16T09:32:43.000Z,,kamchemm,kamchemm,False,https://scontent-gru2-2.cdninstagram.com/v/t51.2885-19/490770483_665274456194006_8322804408420611045_n.jpg?stp=dst-jpg_s150x150_tt6&efg=eyJ2ZW5jb2RlX3RhZyI6InByb2ZpbGVfcGljLmRqYW5nby4xMDgwLmMyIn0&_nc_ht=scontent-gru2-2.cdninstagram.com&_nc_cat=102&_nc_oc=Q6cZ2gGfdxv9wB8JLhUMWmwpAtFQ25bqEyIAqqoWjqNy-isIfqhSSLjYa_A-ca4twpPQlmwag5dP3_7Wj_yRyxR22mgI&_nc_ohc=XAb4SjdXa8wQ7kNvwHsRat0&_nc_gid=HxnDQSP8JQuKfwModOC9RQ&edm=ABDp2nEBAAAA&ccb=7-5&oh=00_Af5r7rNazu_8II42VyS93vlEy06hb3SgYR6yYR-_k2UuJA&oe=6A156157&_nc_sid=ae056e,Seguir
2022-05-16T09:32:43.000Z,,millafraz,millafraz,False,https://scontent-gru2-2.cdninstagram.com/v/t51.2885-19/14128781_1768671653413517_296657179_a.jpg?stp=dst-jpg_s150x150_tt6&efg=eyJ2ZW5jb2RlX3RhZyI6InByb2ZpbGVfcGljLmRqYW5nby4yMDAuYzIifQ&_nc_ht=scontent-gru2-2.cdninstagram.com&_nc_cat=105&_nc_oc=Q6cZ2gGfdxv9wB8JLhUMWmwpAtFQ25bqEyIAqqoWjqNy-isIfqhSSLjYa_A-ca4twpPQlmwag5dP3_7Wj_yRyxR22mgI&_nc_ohc=gKguBG53JaAQ7kNvwEOtLRm&_nc_gid=HxnDQSP8JQuKfwModOC9RQ&edm=ABDp2nEBAAAA&ccb=7-5&oh=00_Af5j82q85sgMEYZe4mxEnAtv8EOewByO0OATYJeZGQz-og&oe=6A15582F&_nc_sid=ae056e,Seguir
2022-05-16T09:32:43.000Z,,williamjardim,williamjardim,False,https://scontent-gru1-2.cdninstagram.com/v/t51.82787-19/684965275_18579857071061974_2116542907255620075_n.jpg?stp=dst-jpg_s150x150_tt6&efg=eyJ2ZW5jb2RlX3RhZyI6InByb2ZpbGVfcGljLmRqYW5nby4xMDgwLmMyIn0&_nc_ht=scontent-gru1-2.cdninstagram.com&_nc_cat=110&_nc_oc=Q6cZ2gGfdxv9wB8JLhUMWmwpAtFQ25bqEyIAqqoWjqNy-isIfqhSSLjYa_A-ca4twpPQlmwag5dP3_7Wj_yRyxR22mgI&_nc_ohc=oC-wa6EK6oUQ7kNvwElL4j5&_nc_gid=HxnDQSP8JQuKfwModOC9RQ&edm=ABDp2nEBAAAA&ccb=7-5&oh=00_Af7qDEqBdRs634DwFKtagFm7v3j46dHqH88OTSb11O6mbw&oe=6A1542D3&_nc_sid=ae056e,Seguir
2022-05-16T09:32:43.000Z,,eloisilvacardoso,eloisilvacardoso,False,https://scontent-gru1-2.cdninstagram.com/v/t51.82787-19/575717365_18425669641104536_3511432889816092377_n.jpg?stp=dst-jpg_s150x150_tt6&efg=eyJ2ZW5jb2RlX3RhZyI6InByb2ZpbGVfcGljLmRqYW5nby4xMDgwLmMyIn0&_nc_ht=scontent-gru1-2.cdninstagram.com&_nc_cat=108&_nc_oc=Q6cZ2gGfdxv9wB8JLhUMWmwpAtFQ25bqEyIAqqoWjqNy-isIfqhSSLjYa_A-ca4twpPQlmwag5dP3_7Wj_yRyxR22mgI&_nc_ohc=CoFpRaThbdwQ7kNvwGv183k&_nc_gid=HxnDQSP8JQuKfwModOC9RQ&edm=ABDp2nEBAAAA&ccb=7-5&oh=00_Af7GVSfcwSUDHSAsxSqgx_js2S0dEFyNpDybIGFPwX1rQA&oe=6A155A1F&_nc_sid=ae056e,Seguir
2022-05-16T09:32:43.000Z,,cleitonmoraes29,cleitonmoraes29,False,https://scontent-gru1-1.cdninstagram.com/v/t51.2885-19/499580523_18000334127792164_5261885838359710444_n.jpg?stp=dst-jpg_s150x150_tt6&efg=eyJ2ZW5jb2RlX3RhZyI6InByb2ZpbGVfcGljLmRqYW5nby4xMDgwLmMyIn0&_nc_ht=scontent-gru1-1.cdninstagram.com&_nc_cat=104&_nc_oc=Q6cZ2gGfdxv9wB8JLhUMWmwpAtFQ25bqEyIAqqoWjqNy-isIfqhSSLjYa_A-ca4twpPQlmwag5dP3_7Wj_yRyxR22mgI&_nc_ohc=jOWstqAGNVkQ7kNvwE38rf2&_nc_gid=HxnDQSP8JQuKfwModOC9RQ&edm=ABDp2nEBAAAA&ccb=7-5&oh=00_Af5iYsRFmvHzSfrG8pQqaaaE67gmlCCiWxIWd232qhgcUg&oe=6A15412F&_nc_sid=ae056e,Seguir
2022-05-16T09:32:43.000Z,,fefespi,fefespi,False,https://scontent-gru2-1.cdninstagram.com/v/t51.2885-19/417783833_756928322434593_2571749354913460968_n.jpg?stp=dst-jpg_s150x150_tt6&efg=eyJ2ZW5jb2RlX3RhZyI6InByb2ZpbGVfcGljLmRqYW5nby4xMDgwLmMyIn0&_nc_ht=scontent-gru2-1.cdninstagram.com&_nc_cat=109&_nc_oc=Q6cZ2gGfdxv9wB8JLhUMWmwpAtFQ25bqEyIAqqoWjqNy-isIfqhSSLjYa_A-ca4twpPQlmwag5dP3_7Wj_yRyxR22mgI&_nc_ohc=as0o21qWUg8Q7kNvwG-eu2-&_nc_gid=HxnDQSP8JQuKfwModOC9RQ&edm=ABDp2nEBAAAA&ccb=7-5&oh=00_Af7kkUyLqDcdqMHURTfEvNNX19tI5MTxLspc4iqgIYIORw&oe=6A15560D&_nc_sid=ae056e,Seguir
2022-05-16T09:32:43.000Z,,solange_alva_,solange_alva_,False,https://scontent-gru2-2.cdninstagram.com/v/t51.82787-19/670878992_18525839941073702_8939748054919183688_n.jpg?stp=dst-jpg_s150x150_tt6&efg=eyJ2ZW5jb2RlX3RhZyI6InByb2ZpbGVfcGljLmRqYW5nby4xMDgwLmMyIn0&_nc_ht=scontent-gru2-2.cdninstagram.com&_nc_cat=102&_nc_oc=Q6cZ2gGfdxv9wB8JLhUMWmwpAtFQ25bqEyIAqqoWjqNy-isIfqhSSLjYa_A-ca4twpPQlmwag5dP3_7Wj_yRyxR22mgI&_nc_ohc=9dqba-5Z5OsQ7kNvwHrB0z2&_nc_gid=HxnDQSP8JQuKfwModOC9RQ&edm=ABDp2nEBAAAA&ccb=7-5&oh=00_Af73vgyYdonkEJRPZEQ0pC0ZJmogDyXBvDCtEpJNzqn3hg&oe=6A156224&_nc_sid=ae056e,Seguir
2022-05-16T09:32:43.000Z,,vincentvilanova2017,vincentvilanova2017,False,https://scontent-gru1-2.cdninstagram.com/v/t51.2885-19/124820699_3161303894096391_2512604964810734741_n.jpg?stp=dst-jpg_s150x150_tt6&efg=eyJ2ZW5jb2RlX3RhZyI6InByb2ZpbGVfcGljLmRqYW5nby4xMDgwLmMyIn0&_nc_ht=scontent-gru1-2.cdninstagram.com&_nc_cat=103&_nc_oc=Q6cZ2gGfdxv9wB8JLhUMWmwpAtFQ25bqEyIAqqoWjqNy-isIfqhSSLjYa_A-ca4twpPQlmwag5dP3_7Wj_yRyxR22mgI&_nc_ohc=5TUxPa50GGcQ7kNvwGxh4bk&_nc_gid=HxnDQSP8JQuKfwModOC9RQ&edm=ABDp2nEBAAAA&ccb=7-5&oh=00_Af6EpCMK2C4om2ECzU0LciOkI0gZKn300_sOxdT6TDPZJA&oe=6A154458&_nc_sid=ae056e,Seguir
2022-05-16T09:32:43.000Z,,marciofrancoo,marciofrancoo,False,https://scontent-gru2-1.cdninstagram.com/v/t51.2885-19/361114838_675617824417595_1705934159729732381_n.jpg?stp=dst-jpg_s150x150_tt6&efg=eyJ2ZW5jb2RlX3RhZyI6InByb2ZpbGVfcGljLmRqYW5nby4xMDgwLmMyIn0&_nc_ht=scontent-gru2-1.cdninstagram.com&_nc_cat=111&_nc_oc=Q6cZ2gGfdxv9wB8JLhUMWmwpAtFQ25bqEyIAqqoWjqNy-isIfqhSSLjYa_A-ca4twpPQlmwag5dP3_7Wj_yRyxR22mgI&_nc_ohc=stzGatXKSPwQ7kNvwGVAqTt&_nc_gid=HxnDQSP8JQuKfwModOC9RQ&edm=ABDp2nEBAAAA&ccb=7-5&oh=00_Af5-GNzk7PF8Styt_rw4Lp9aRcwi6KFi5WftPQ3Ps_7ffw&oe=6A15462E&_nc_sid=ae056e,Seguir
2022-05-16T09:32:43.000Z,,fuzzytball,fuzzytball,False,https://scontent-waw2-2.cdninstagram.com/v/t51.2885-19/573323465_1219825463302212_7278921664109726296_n.png?stp=dst-jpg_tt6&efg=eyJ2ZW5jb2RlX3RhZyI6InByb2ZpbGVfcGljLmRqYW5nby4xNTAuYzIifQ&_nc_ht=scontent-waw2-2.cdninstagram.com&_nc_cat=1&_nc_oc=Q6cZ2gHhxfLGa_gds3m1NeFlE6GfOya9skf7LPIT_B0UD6WB4ZSoAUu-xczuhY7VeBU-gr9VElqbHhBLD_LOBUCfjWbn&_nc_ohc=rmKfL3AZ2ycQ7kNvwEB5ikL&_nc_gid=E1OEb3Pk0gApwEuhWTwqSQ&edm=APs17CUBAAAA&ccb=7-5&ig_cache_key=YW5vbnltb3VzX3Byb2ZpbGVfcGlj.3-ccb7-5&oh=00_Af4JL6ncYtKATdR7Qfvtmr1DD11h0wS9ISyESEa-ZXuN5w&oe=6A15576A&_nc_sid=10d13b,Seguir
2022-05-16T09:32:43.000Z,,instadoquaresma,instadoquaresma,False,https://scontent-gru2-1.cdninstagram.com/v/t51.82787-19/534256376_18526479796003629_1850774768280839402_n.jpg?stp=dst-jpg_s150x150_tt6&efg=eyJ2ZW5jb2RlX3RhZyI6InByb2ZpbGVfcGljLmRqYW5nby4xMDgwLmMyIn0&_nc_ht=scontent-gru2-1.cdninstagram.com&_nc_cat=109&_nc_oc=Q6cZ2gGfdxv9wB8JLhUMWmwpAtFQ25bqEyIAqqoWjqNy-isIfqhSSLjYa_A-ca4twpPQlmwag5dP3_7Wj_yRyxR22mgI&_nc_ohc=99-2v_MwJ3oQ7kNvwGFfDw1&_nc_gid=HxnDQSP8JQuKfwModOC9RQ&edm=ABDp2nEBAAAA&ccb=7-5&oh=00_Af6DPGQ3_e9OVgfPkNnFKtHC0yR2hYqmqA1ZbcwX0D4hrA&oe=6A156406&_nc_sid=ae056e,Seguir
2022-05-16T09:32:43.000Z,,monika_nayani,monika_nayani,False,https://scontent-waw2-2.cdninstagram.com/v/t51.2885-19/573323465_1219825463302212_7278921664109726296_n.png?stp=dst-jpg_tt6&efg=eyJ2ZW5jb2RlX3RhZyI6InByb2ZpbGVfcGljLmRqYW5nby4xNTAuYzIifQ&_nc_ht=scontent-waw2-2.cdninstagram.com&_nc_cat=1&_nc_oc=Q6cZ2gHhxfLGa_gds3m1NeFlE6GfOya9skf7LPIT_B0UD6WB4ZSoAUu-xczuhY7VeBU-gr9VElqbHhBLD_LOBUCfjWbn&_nc_ohc=rmKfL3AZ2ycQ7kNvwEB5ikL&_nc_gid=E1OEb3Pk0gApwEuhWTwqSQ&edm=APs17CUBAAAA&ccb=7-5&ig_cache_key=YW5vbnltb3VzX3Byb2ZpbGVfcGlj.3-ccb7-5&oh=00_Af4JL6ncYtKATdR7Qfvtmr1DD11h0wS9ISyESEa-ZXuN5w&oe=6A15576A&_nc_sid=10d13b,Seguir
2022-05-16T09:32:43.000Z,,chudlostomiser,chudlostomiser,False,https://scontent-gru1-1.cdninstagram.com/v/t51.82787-19/669841100_18101991542299444_1454709013399999708_n.jpg?stp=dst-jpg_s150x150_tt6&efg=eyJ2ZW5jb2RlX3RhZyI6InByb2ZpbGVfcGljLmRqYW5nby4xMDgwLmMyIn0&_nc_ht=scontent-gru1-1.cdninstagram.com&_nc_cat=104&_nc_oc=Q6cZ2gGfdxv9wB8JLhUMWmwpAtFQ25bqEyIAqqoWjqNy-isIfqhSSLjYa_A-ca4twpPQlmwag5dP3_7Wj_yRyxR22mgI&_nc_ohc=XNSNbaqsXUwQ7kNvwGpyLSm&_nc_gid=HxnDQSP8JQuKfwModOC9RQ&edm=ABDp2nEBAAAA&ccb=7-5&oh=00_Af7zTq5j85l-ay_WNJBcgPlxeZPpegh12WUJnM4m8wbLCw&oe=6A15642B&_nc_sid=ae056e,Seguir
2022-05-16T09:32:43.000Z,,dilma_x,dilma_x,False,https://scontent-gru2-1.cdninstagram.com/v/t51.2885-19/271257876_1146472236180561_1507171112822440586_n.jpg?stp=dst-jpg_s150x150_tt6&efg=eyJ2ZW5jb2RlX3RhZyI6InByb2ZpbGVfcGljLmRqYW5nby41OTYuYzIifQ&_nc_ht=scontent-gru2-1.cdninstagram.com&_nc_cat=109&_nc_oc=Q6cZ2gGfdxv9wB8JLhUMWmwpAtFQ25bqEyIAqqoWjqNy-isIfqhSSLjYa_A-ca4twpPQlmwag5dP3_7Wj_yRyxR22mgI&_nc_ohc=zjDScT3x6ykQ7kNvwGhsHO5&_nc_gid=HxnDQSP8JQuKfwModOC9RQ&edm=ABDp2nEBAAAA&ccb=7-5&oh=00_Af6TBTu4JGS3IpSnBUIekjdxXAnOqyeWBO0kQeVGkipG7g&oe=6A156699&_nc_sid=ae056e,Seguir
2022-05-16T09:32:43.000Z,,anitayinyangmtc,anitayinyangmtc,False,https://scontent-gru2-2.cdninstagram.com/v/t51.82787-19/588912093_18302327155266294_7712348623499338561_n.jpg?stp=dst-jpg_s150x150_tt6&efg=eyJ2ZW5jb2RlX3RhZyI6InByb2ZpbGVfcGljLmRqYW5nby4xMDgwLmMyIn0&_nc_ht=scontent-gru2-2.cdninstagram.com&_nc_cat=106&_nc_oc=Q6cZ2gGfdxv9wB8JLhUMWmwpAtFQ25bqEyIAqqoWjqNy-isIfqhSSLjYa_A-ca4twpPQlmwag5dP3_7Wj_yRyxR22mgI&_nc_ohc=bm0l99gbBIoQ7kNvwGDahN0&_nc_gid=HxnDQSP8JQuKfwModOC9RQ&edm=ABDp2nEBAAAA&ccb=7-5&oh=00_Af7XVRRdGAD-fKEYSvKN0mm9ZiMSAgl1CamOFlhRgg_n0A&oe=6A1539A1&_nc_sid=ae056e,Seguir
2022-05-16T09:32:43.000Z,,aaquinos_,aaquinos_,False,https://scontent-gru2-2.cdninstagram.com/v/t51.82787-19/656286649_18364226524202486_1699577892967716207_n.jpg?stp=dst-jpg_s150x150_tt6&efg=eyJ2ZW5jb2RlX3RhZyI6InByb2ZpbGVfcGljLmRqYW5nby4xMDgwLmMyIn0&_nc_ht=scontent-gru2-2.cdninstagram.com&_nc_cat=102&_nc_oc=Q6cZ2gGfdxv9wB8JLhUMWmwpAtFQ25bqEyIAqqoWjqNy-isIfqhSSLjYa_A-ca4twpPQlmwag5dP3_7Wj_yRyxR22mgI&_nc_ohc=pFchog5y_TwQ7kNvwEeIxz3&_nc_gid=HxnDQSP8JQuKfwModOC9RQ&edm=ABDp2nEBAAAA&ccb=7-5&oh=00_Af5jbKnGJXPqvt1EAOWq-WOOk4cEpy1aRHqIb4sMoUM_7g&oe=6A156B17&_nc_sid=ae056e,Seguir
2022-05-16T09:32:43.000Z,,castel133,castel133,False,https://scontent-gru1-1.cdninstagram.com/v/t51.2885-19/484324470_9459048394177477_9141613402947435493_n.jpg?stp=dst-jpg_s150x150_tt6&efg=eyJ2ZW5jb2RlX3RhZyI6InByb2ZpbGVfcGljLmRqYW5nby43MjAuYzIifQ&_nc_ht=scontent-gru1-1.cdninstagram.com&_nc_cat=101&_nc_oc=Q6cZ2gGfdxv9wB8JLhUMWmwpAtFQ25bqEyIAqqoWjqNy-isIfqhSSLjYa_A-ca4twpPQlmwag5dP3_7Wj_yRyxR22mgI&_nc_ohc=CMq_VFSFfiEQ7kNvwEC2K8p&_nc_gid=HxnDQSP8JQuKfwModOC9RQ&edm=ABDp2nEBAAAA&ccb=7-5&oh=00_Af4ksffgPowGV19RNUPFK0XIua_Ul-4qCLmDeZ3HgPvSTA&oe=6A154161&_nc_sid=ae056e,Seguir
2022-05-16T09:32:43.000Z,,latigredragone,latigredragone,False,https://scontent-gru1-2.cdninstagram.com/v/t51.2885-19/332252018_1146135042733128_8584475119052078458_n.jpg?stp=dst-jpg_s150x150_tt6&efg=eyJ2ZW5jb2RlX3RhZyI6InByb2ZpbGVfcGljLmRqYW5nby4xMDgwLmMyIn0&_nc_ht=scontent-gru1-2.cdninstagram.com&_nc_cat=100&_nc_oc=Q6cZ2gGfdxv9wB8JLhUMWmwpAtFQ25bqEyIAqqoWjqNy-isIfqhSSLjYa_A-ca4twpPQlmwag5dP3_7Wj_yRyxR22mgI&_nc_ohc=ocfSEz2B9c0Q7kNvwHBhMNT&_nc_gid=HxnDQSP8JQuKfwModOC9RQ&edm=ABDp2nEBAAAA&ccb=7-5&oh=00_Af55BKUWXGcI_wyBJYQFzM2mS8lk_lFl6--E88hvTPe8xg&oe=6A154062&_nc_sid=ae056e,Seguir
2022-05-16T09:32:43.000Z,,pacitamariaartist,pacitamariaartist,False,https://scontent-gru1-2.cdninstagram.com/v/t51.82787-19/684280804_18578075341062015_2583243894708156032_n.jpg?stp=dst-jpg_s150x150_tt6&efg=eyJ2ZW5jb2RlX3RhZyI6InByb2ZpbGVfcGljLmRqYW5nby4xMDgwLmMyIn0&_nc_ht=scontent-gru1-2.cdninstagram.com&_nc_cat=103&_nc_oc=Q6cZ2gGfdxv9wB8JLhUMWmwpAtFQ25bqEyIAqqoWjqNy-isIfqhSSLjYa_A-ca4twpPQlmwag5dP3_7Wj_yRyxR22mgI&_nc_ohc=8-vRH4aUMGYQ7kNvwEJeGlO&_nc_gid=HxnDQSP8JQuKfwModOC9RQ&edm=ABDp2nEBAAAA&ccb=7-5&oh=00_Af4E0WwHsZtE9Ile4HTKezjtsFPTfcTuOk6blxEm4kcOag&oe=6A154CFE&_nc_sid=ae056e,Seguir
2022-05-16T09:32:43.000Z,,conrado.cassilhas,conrado.cassilhas,False,https://scontent-gru2-1.cdninstagram.com/v/t51.2885-19/513932955_18036758828656703_645216198406868515_n.jpg?stp=dst-jpg_s150x150_tt6&efg=eyJ2ZW5jb2RlX3RhZyI6InByb2ZpbGVfcGljLmRqYW5nby4xMDgwLmMyIn0&_nc_ht=scontent-gru2-1.cdninstagram.com&_nc_cat=111&_nc_oc=Q6cZ2gGfdxv9wB8JLhUMWmwpAtFQ25bqEyIAqqoWjqNy-isIfqhSSLjYa_A-ca4twpPQlmwag5dP3_7Wj_yRyxR22mgI&_nc_ohc=AMxRIOO31-MQ7kNvwGyUp1d&_nc_gid=HxnDQSP8JQuKfwModOC9RQ&edm=ABDp2nEBAAAA&ccb=7-5&oh=00_Af4vXanTmrdMULNVou-NF38u3tHSBrzGx6kycrcX_bCYFQ&oe=6A15390B&_nc_sid=ae056e,Seguir
2022-05-16T09:32:43.000Z,,lannyrezende3,lannyrezende3,False,https://scontent-gru2-2.cdninstagram.com/v/t51.2885-19/12356558_916762755086333_1154222257_a.jpg?stp=dst-jpg_s150x150_tt6&efg=eyJ2ZW5jb2RlX3RhZyI6InByb2ZpbGVfcGljLmRqYW5nby42MDQuYzIifQ&_nc_ht=scontent-gru2-2.cdninstagram.com&_nc_cat=105&_nc_oc=Q6cZ2gGfdxv9wB8JLhUMWmwpAtFQ25bqEyIAqqoWjqNy-isIfqhSSLjYa_A-ca4twpPQlmwag5dP3_7Wj_yRyxR22mgI&_nc_ohc=1Wv4TGHcpE8Q7kNvwFye3x5&_nc_gid=HxnDQSP8JQuKfwModOC9RQ&edm=ABDp2nEBAAAA&ccb=7-5&oh=00_Af6Xl0MCRnASvKuIJ3V8bJNJgx90RuKh6kjaBS7-oHR5sg&oe=6A15487E&_nc_sid=ae056e,Seguir
2022-05-16T09:32:43.000Z,,pa_mimma,pa_mimma,False,https://scontent-gru2-2.cdninstagram.com/v/t51.82787-19/587605337_18065518217428226_7941828310751810077_n.jpg?stp=dst-jpg_s150x150_tt6&efg=eyJ2ZW5jb2RlX3RhZyI6InByb2ZpbGVfcGljLmRqYW5nby4zMjAuYzIifQ&_nc_ht=scontent-gru2-2.cdninstagram.com&_nc_cat=102&_nc_oc=Q6cZ2gGfdxv9wB8JLhUMWmwpAtFQ25bqEyIAqqoWjqNy-isIfqhSSLjYa_A-ca4twpPQlmwag5dP3_7Wj_yRyxR22mgI&_nc_ohc=J0gqZtt7imMQ7kNvwGRli6A&_nc_gid=HxnDQSP8JQuKfwModOC9RQ&edm=ABDp2nEBAAAA&ccb=7-5&oh=00_Af5cvPJGPs-Q7dJkY_FDSi1jc8s3DWLxeFR1V3lSpdjipA&oe=6A1550D0&_nc_sid=ae056e,Seguir
2022-05-16T09:32:43.000Z,,patricia.lopes.reis_,patricia.lopes.reis_,False,https://scontent-gru2-1.cdninstagram.com/v/t51.2885-19/299642739_1521581414958455_7613976275912536667_n.jpg?stp=dst-jpg_s150x150_tt6&efg=eyJ2ZW5jb2RlX3RhZyI6InByb2ZpbGVfcGljLmRqYW5nby45MjMuYzIifQ&_nc_ht=scontent-gru2-1.cdninstagram.com&_nc_cat=111&_nc_oc=Q6cZ2gGfdxv9wB8JLhUMWmwpAtFQ25bqEyIAqqoWjqNy-isIfqhSSLjYa_A-ca4twpPQlmwag5dP3_7Wj_yRyxR22mgI&_nc_ohc=f89Yj42YNQMQ7kNvwHBYFGu&_nc_gid=HxnDQSP8JQuKfwModOC9RQ&edm=ABDp2nEBAAAA&ccb=7-5&oh=00_Af5l9GmgdtPERdzBn4fx9TznXkI5vcmPt6f8UI4obvOXKA&oe=6A1558CF&_nc_sid=ae056e,Seguir
2022-05-16T09:32:43.000Z,,nimithaah_,nimithaah_,False,https://scontent-gru2-2.cdninstagram.com/v/t51.82787-19/670397407_18075783242557506_5231844909929706650_n.jpg?stp=dst-jpg_s150x150_tt6&efg=eyJ2ZW5jb2RlX3RhZyI6InByb2ZpbGVfcGljLmRqYW5nby4xMDgwLmMyIn0&_nc_ht=scontent-gru2-2.cdninstagram.com&_nc_cat=106&_nc_oc=Q6cZ2gGfdxv9wB8JLhUMWmwpAtFQ25bqEyIAqqoWjqNy-isIfqhSSLjYa_A-ca4twpPQlmwag5dP3_7Wj_yRyxR22mgI&_nc_ohc=munj4wOT7BMQ7kNvwGL8dyE&_nc_gid=HxnDQSP8JQuKfwModOC9RQ&edm=ABDp2nEBAAAA&ccb=7-5&oh=00_Af66HIzHBl7NzdpIZnypRk1FYwE6lpOJVAIGS8TPBXHnCw&oe=6A155122&_nc_sid=ae056e,Seguir
2022-05-16T09:32:43.000Z,,massi.orte,massi.orte,False,https://scontent-gru1-2.cdninstagram.com/v/t51.2885-19/404599860_298074593198172_6790834565004688730_n.jpg?stp=dst-jpg_s150x150_tt6&efg=eyJ2ZW5jb2RlX3RhZyI6InByb2ZpbGVfcGljLmRqYW5nby4xMDgwLmMyIn0&_nc_ht=scontent-gru1-2.cdninstagram.com&_nc_cat=100&_nc_oc=Q6cZ2gGfdxv9wB8JLhUMWmwpAtFQ25bqEyIAqqoWjqNy-isIfqhSSLjYa_A-ca4twpPQlmwag5dP3_7Wj_yRyxR22mgI&_nc_ohc=TFPJ2iwgNTsQ7kNvwFi6sjl&_nc_gid=HxnDQSP8JQuKfwModOC9RQ&edm=ABDp2nEBAAAA&ccb=7-5&oh=00_Af6l8h-EsUTVymmbGJjDkyjFPkxP40hMTG_9JaxImHzEqw&oe=6A1567C9&_nc_sid=ae056e,Seguir
2022-05-16T09:32:43.000Z,,joaojhonny,joaojhonny,False,https://scontent-gru2-2.cdninstagram.com/v/t51.82787-19/670912332_18578070634053833_7479884410384133506_n.jpg?stp=dst-jpg_s150x150_tt6&efg=eyJ2ZW5jb2RlX3RhZyI6InByb2ZpbGVfcGljLmRqYW5nby4xMDgwLmMyIn0&_nc_ht=scontent-gru2-2.cdninstagram.com&_nc_cat=105&_nc_oc=Q6cZ2gGfdxv9wB8JLhUMWmwpAtFQ25bqEyIAqqoWjqNy-isIfqhSSLjYa_A-ca4twpPQlmwag5dP3_7Wj_yRyxR22mgI&_nc_ohc=grGZfy3JVEsQ7kNvwHGiYYz&_nc_gid=HxnDQSP8JQuKfwModOC9RQ&edm=ABDp2nEBAAAA&ccb=7-5&oh=00_Af5es8hAXlY73_LI6mKKHV2wxg137E5Uldd_D0Mz0YcC5g&oe=6A15450E&_nc_sid=ae056e,Seguir
2022-05-16T09:32:43.000Z,,elsonraso,elsonraso,False,https://scontent-gru1-1.cdninstagram.com/v/t51.82787-19/574183156_18539697772038217_1197628169305876253_n.jpg?stp=dst-jpg_s150x150_tt6&efg=eyJ2ZW5jb2RlX3RhZyI6InByb2ZpbGVfcGljLmRqYW5nby4xMDY3LmMyIn0&_nc_ht=scontent-gru1-1.cdninstagram.com&_nc_cat=101&_nc_oc=Q6cZ2gGfdxv9wB8JLhUMWmwpAtFQ25bqEyIAqqoWjqNy-isIfqhSSLjYa_A-ca4twpPQlmwag5dP3_7Wj_yRyxR22mgI&_nc_ohc=CO6o-3jsXrYQ7kNvwEWPKhj&_nc_gid=HxnDQSP8JQuKfwModOC9RQ&edm=ABDp2nEBAAAA&ccb=7-5&oh=00_Af7r6O2dbYVTr0b__b2uulEf9xU5fkXzB6vEyDf32wZ2Xg&oe=6A153C46&_nc_sid=ae056e,Seguir
2022-05-16T09:32:43.000Z,,thiagofelice,thiagofelice,False,https://scontent-gru2-2.cdninstagram.com/v/t51.2885-19/461555403_910565844297329_3584657582295025393_n.jpg?stp=dst-jpg_s150x150_tt6&efg=eyJ2ZW5jb2RlX3RhZyI6InByb2ZpbGVfcGljLmRqYW5nby4xMDgwLmMyIn0&_nc_ht=scontent-gru2-2.cdninstagram.com&_nc_cat=105&_nc_oc=Q6cZ2gGfdxv9wB8JLhUMWmwpAtFQ25bqEyIAqqoWjqNy-isIfqhSSLjYa_A-ca4twpPQlmwag5dP3_7Wj_yRyxR22mgI&_nc_ohc=ewn-z8cCs30Q7kNvwE1Fu9-&_nc_gid=HxnDQSP8JQuKfwModOC9RQ&edm=ABDp2nEBAAAA&ccb=7-5&oh=00_Af4h6X4fWYc0xDXrVqXC19j2kB7O5V2wObRjZ0-L42ppRA&oe=6A15456C&_nc_sid=ae056e,Seguir
2022-05-16T09:32:43.000Z,,enzo.acosta.79,enzo.acosta.79,False,https://scontent-gru2-2.cdninstagram.com/v/t51.2885-19/10948645_1541487296136461_374196165_a.jpg?stp=dst-jpg_s150x150_tt6&efg=eyJ2ZW5jb2RlX3RhZyI6InByb2ZpbGVfcGljLmRqYW5nby4xNTAuYzIifQ&_nc_ht=scontent-gru2-2.cdninstagram.com&_nc_cat=105&_nc_oc=Q6cZ2gGfdxv9wB8JLhUMWmwpAtFQ25bqEyIAqqoWjqNy-isIfqhSSLjYa_A-ca4twpPQlmwag5dP3_7Wj_yRyxR22mgI&_nc_ohc=V9wI-Vb90HAQ7kNvwF5ysn7&_nc_gid=HxnDQSP8JQuKfwModOC9RQ&edm=ABDp2nEBAAAA&ccb=7-5&oh=00_Af7BPYyQ0tKhtNubqy0n-9wyC5eciD6pbHuG7t6or6GYrQ&oe=6A15419A&_nc_sid=ae056e,Seguir
2022-05-16T09:32:43.000Z,,alexromanus,alexromanus,False,https://scontent-gru2-2.cdninstagram.com/v/t51.2885-19/11374167_929714530433546_693165869_a.jpg?stp=dst-jpg_s150x150_tt6&efg=eyJ2ZW5jb2RlX3RhZyI6InByb2ZpbGVfcGljLmRqYW5nby4xNTAuYzIifQ&_nc_ht=scontent-gru2-2.cdninstagram.com&_nc_cat=102&_nc_oc=Q6cZ2gGfdxv9wB8JLhUMWmwpAtFQ25bqEyIAqqoWjqNy-isIfqhSSLjYa_A-ca4twpPQlmwag5dP3_7Wj_yRyxR22mgI&_nc_ohc=6_4ko7_BnJEQ7kNvwFpmxyP&_nc_gid=HxnDQSP8JQuKfwModOC9RQ&edm=ABDp2nEBAAAA&ccb=7-5&oh=00_Af7oncVev6IXK3ImVg2NZUWEB9wqWk6m-AAPndlJ_JJR_w&oe=6A1569CA&_nc_sid=ae056e,Seguir
2022-05-16T09:32:43.000Z,,breno_araujo83,breno_araujo83,False,https://scontent-gru1-2.cdninstagram.com/v/t51.82787-19/643557000_18050361305704400_4402397535184392965_n.jpg?stp=dst-jpg_s150x150_tt6&efg=eyJ2ZW5jb2RlX3RhZyI6InByb2ZpbGVfcGljLmRqYW5nby4xMDgwLmMyIn0&_nc_ht=scontent-gru1-2.cdninstagram.com&_nc_cat=108&_nc_oc=Q6cZ2gGfdxv9wB8JLhUMWmwpAtFQ25bqEyIAqqoWjqNy-isIfqhSSLjYa_A-ca4twpPQlmwag5dP3_7Wj_yRyxR22mgI&_nc_ohc=Xjka_ux9pcQQ7kNvwFmHlzy&_nc_gid=HxnDQSP8JQuKfwModOC9RQ&edm=ABDp2nEBAAAA&ccb=7-5&oh=00_Af5n3EugIfqvmwpdQkHMtpv-OEe4J8BsF9ISqlLl63jS0Q&oe=6A1566E9&_nc_sid=ae056e,Seguir
2022-05-16T09:32:43.000Z,,girasolgreg,girasolgreg,False,https://scontent-gru2-1.cdninstagram.com/v/t51.2885-19/258822547_978010752797083_906663113988077354_n.jpg?stp=dst-jpg_s150x150_tt6&efg=eyJ2ZW5jb2RlX3RhZyI6InByb2ZpbGVfcGljLmRqYW5nby4xMDgwLmMyIn0&_nc_ht=scontent-gru2-1.cdninstagram.com&_nc_cat=107&_nc_oc=Q6cZ2gGfdxv9wB8JLhUMWmwpAtFQ25bqEyIAqqoWjqNy-isIfqhSSLjYa_A-ca4twpPQlmwag5dP3_7Wj_yRyxR22mgI&_nc_ohc=s7LHb7cCMSIQ7kNvwGPGgNA&_nc_gid=HxnDQSP8JQuKfwModOC9RQ&edm=ABDp2nEBAAAA&ccb=7-5&oh=00_Af5NSxmCb8_rxhOSyhpaz_-qBmoDucZposBnerbdc3O94A&oe=6A153E1C&_nc_sid=ae056e,Seguir
2022-05-16T09:32:43.000Z,,igorauferr,igorauferr,False,https://scontent-gru2-2.cdninstagram.com/v/t51.2885-19/241410556_4756787567694101_6179755608944194504_n.jpg?stp=dst-jpg_s150x150_tt6&efg=eyJ2ZW5jb2RlX3RhZyI6InByb2ZpbGVfcGljLmRqYW5nby4xMDgwLmMyIn0&_nc_ht=scontent-gru2-2.cdninstagram.com&_nc_cat=105&_nc_oc=Q6cZ2gGfdxv9wB8JLhUMWmwpAtFQ25bqEyIAqqoWjqNy-isIfqhSSLjYa_A-ca4twpPQlmwag5dP3_7Wj_yRyxR22mgI&_nc_ohc=YcUshgiczLYQ7kNvwFxZ17L&_nc_gid=HxnDQSP8JQuKfwModOC9RQ&edm=ABDp2nEBAAAA&ccb=7-5&oh=00_Af4rgyUAZAnjkVDwmV7I3HsWnBe7QEJkfBqJ_SszvBunqw&oe=6A1562D6&_nc_sid=ae056e,Seguir
2022-05-16T09:32:43.000Z,,jorge.vaz.568,jorge.vaz.568,False,https://scontent-gru1-1.cdninstagram.com/v/t51.2885-19/489689669_23905863292360177_4286743062599877182_n.jpg?stp=dst-jpg_s150x150_tt6&efg=eyJ2ZW5jb2RlX3RhZyI6InByb2ZpbGVfcGljLmRqYW5nby4xMDQ3LmMyIn0&_nc_ht=scontent-gru1-1.cdninstagram.com&_nc_cat=101&_nc_oc=Q6cZ2gGfdxv9wB8JLhUMWmwpAtFQ25bqEyIAqqoWjqNy-isIfqhSSLjYa_A-ca4twpPQlmwag5dP3_7Wj_yRyxR22mgI&_nc_ohc=-rj1Wq2hyvEQ7kNvwEd-OMI&_nc_gid=HxnDQSP8JQuKfwModOC9RQ&edm=ABDp2nEBAAAA&ccb=7-5&oh=00_Af7eMpJKnhcul-1EzuHFdZC4oSYiJ3_gXyawqCobtf2E9Q&oe=6A153F51&_nc_sid=ae056e,Seguir
2022-05-16T09:32:43.000Z,,ana.sophie.dias,ana.sophie.dias,False,https://scontent-gru1-1.cdninstagram.com/v/t51.82787-19/567472711_18506360020071136_644483012712165407_n.jpg?stp=dst-jpg_s150x150_tt6&efg=eyJ2ZW5jb2RlX3RhZyI6InByb2ZpbGVfcGljLmRqYW5nby4xMDgwLmMyIn0&_nc_ht=scontent-gru1-1.cdninstagram.com&_nc_cat=104&_nc_oc=Q6cZ2gGfdxv9wB8JLhUMWmwpAtFQ25bqEyIAqqoWjqNy-isIfqhSSLjYa_A-ca4twpPQlmwag5dP3_7Wj_yRyxR22mgI&_nc_ohc=PYulMF1GfxoQ7kNvwEb9P_d&_nc_gid=HxnDQSP8JQuKfwModOC9RQ&edm=ABDp2nEBAAAA&ccb=7-5&oh=00_Af7xD-9xWJQ50nxY9t32HjOC9VDS-L8sO28JJqf_PMlncw&oe=6A154B64&_nc_sid=ae056e,Seguir
2022-05-16T09:32:43.000Z,,mloruiz,mloruiz,False,https://scontent-gru2-1.cdninstagram.com/v/t51.2885-19/296700237_1241118943329323_4997842945499524854_n.jpg?stp=dst-jpg_s150x150_tt6&efg=eyJ2ZW5jb2RlX3RhZyI6InByb2ZpbGVfcGljLmRqYW5nby4xMDgwLmMyIn0&_nc_ht=scontent-gru2-1.cdninstagram.com&_nc_cat=111&_nc_oc=Q6cZ2gGfdxv9wB8JLhUMWmwpAtFQ25bqEyIAqqoWjqNy-isIfqhSSLjYa_A-ca4twpPQlmwag5dP3_7Wj_yRyxR22mgI&_nc_ohc=-t2qW6oQUZ4Q7kNvwE7jC_r&_nc_gid=HxnDQSP8JQuKfwModOC9RQ&edm=ABDp2nEBAAAA&ccb=7-5&oh=00_Af71uq3zj1_x-n2ynO6tv-xhAJJW7FTdZUJHEwAHJ3Eepw&oe=6A1549FE&_nc_sid=ae056e,Seguir
2022-05-16T09:32:43.000Z,,lindarafa08,lindarafa08,False,https://scontent-gru1-1.cdninstagram.com/v/t51.82787-19/694269622_18548035810069540_8606433687903003928_n.jpg?stp=dst-jpg_s150x150_tt6&efg=eyJ2ZW5jb2RlX3RhZyI6InByb2ZpbGVfcGljLmRqYW5nby43OTkuYzIifQ&_nc_ht=scontent-gru1-1.cdninstagram.com&_nc_cat=104&_nc_oc=Q6cZ2gGfdxv9wB8JLhUMWmwpAtFQ25bqEyIAqqoWjqNy-isIfqhSSLjYa_A-ca4twpPQlmwag5dP3_7Wj_yRyxR22mgI&_nc_ohc=Vg528YhM4iEQ7kNvwGzEgd1&_nc_gid=HxnDQSP8JQuKfwModOC9RQ&edm=ABDp2nEBAAAA&ccb=7-5&oh=00_Af4eTGM8BP5c8Gkyy5GpRaUCAyuoFqM9KvYTUARXSpC7Bg&oe=6A154349&_nc_sid=ae056e,Seguir
2022-05-16T09:32:43.000Z,,mirec.sk,mirec.sk,False,https://scontent-gru1-1.cdninstagram.com/v/t51.2885-19/419843557_758171889025612_4390505493280773175_n.jpg?stp=dst-jpg_s150x150_tt6&efg=eyJ2ZW5jb2RlX3RhZyI6InByb2ZpbGVfcGljLmRqYW5nby4xMDgwLmMyIn0&_nc_ht=scontent-gru1-1.cdninstagram.com&_nc_cat=104&_nc_oc=Q6cZ2gGfdxv9wB8JLhUMWmwpAtFQ25bqEyIAqqoWjqNy-isIfqhSSLjYa_A-ca4twpPQlmwag5dP3_7Wj_yRyxR22mgI&_nc_ohc=td4fos88sEgQ7kNvwE0IjW0&_nc_gid=HxnDQSP8JQuKfwModOC9RQ&edm=ABDp2nEBAAAA&ccb=7-5&oh=00_Af5D-cYD8DAGorxp-nzxGVeqRjUR5lu1r4lp97qyv-FZDA&oe=6A154930&_nc_sid=ae056e,Seguir
2022-05-16T09:32:43.000Z,,natarribeiro,natarribeiro,False,https://scontent-gru2-1.cdninstagram.com/v/t51.2885-19/85240416_236510867375973_2507139377528832000_n.jpg?stp=dst-jpg_s150x150_tt6&efg=eyJ2ZW5jb2RlX3RhZyI6InByb2ZpbGVfcGljLmRqYW5nby4xMDgwLmMyIn0&_nc_ht=scontent-gru2-1.cdninstagram.com&_nc_cat=109&_nc_oc=Q6cZ2gGfdxv9wB8JLhUMWmwpAtFQ25bqEyIAqqoWjqNy-isIfqhSSLjYa_A-ca4twpPQlmwag5dP3_7Wj_yRyxR22mgI&_nc_ohc=MfPmWJn7vM8Q7kNvwGQg_OZ&_nc_gid=HxnDQSP8JQuKfwModOC9RQ&edm=ABDp2nEBAAAA&ccb=7-5&oh=00_Af65ie9j2tUKPTbPUrR8qCsfHmcu4p2kbdqHYyuqjLJAOw&oe=6A153FE5&_nc_sid=ae056e,Seguir
2022-05-16T09:32:43.000Z,,zejrs21,zejrs21,False,https://scontent-gru1-1.cdninstagram.com/v/t51.2885-19/290615754_1375464329601388_2971124858642911556_n.jpg?stp=dst-jpg_s150x150_tt6&efg=eyJ2ZW5jb2RlX3RhZyI6InByb2ZpbGVfcGljLmRqYW5nby4xMDgwLmMyIn0&_nc_ht=scontent-gru1-1.cdninstagram.com&_nc_cat=104&_nc_oc=Q6cZ2gGfdxv9wB8JLhUMWmwpAtFQ25bqEyIAqqoWjqNy-isIfqhSSLjYa_A-ca4twpPQlmwag5dP3_7Wj_yRyxR22mgI&_nc_ohc=Roo-CHT2C90Q7kNvwFDi0Jk&_nc_gid=HxnDQSP8JQuKfwModOC9RQ&edm=ABDp2nEBAAAA&ccb=7-5&oh=00_Af4B-UoPjTp4vwcP4C8QwQWkvaxypFpsT91mBQotf7g5_Q&oe=6A1542AD&_nc_sid=ae056e,Seguir
2022-05-16T09:32:43.000Z,,paugirltravel,paugirltravel,False,https://scontent-gru1-2.cdninstagram.com/v/t51.82787-19/619819399_18406921528120944_7160572293301121988_n.jpg?stp=dst-jpg_s150x150_tt6&efg=eyJ2ZW5jb2RlX3RhZyI6InByb2ZpbGVfcGljLmRqYW5nby42MjIuYzIifQ&_nc_ht=scontent-gru1-2.cdninstagram.com&_nc_cat=100&_nc_oc=Q6cZ2gGfdxv9wB8JLhUMWmwpAtFQ25bqEyIAqqoWjqNy-isIfqhSSLjYa_A-ca4twpPQlmwag5dP3_7Wj_yRyxR22mgI&_nc_ohc=k8jXYcLiJ-4Q7kNvwG178Lb&_nc_gid=HxnDQSP8JQuKfwModOC9RQ&edm=ABDp2nEBAAAA&ccb=7-5&oh=00_Af5fHSbez9yEwu309QCa4lxjEv2KrCGNM8--YbMKDmFZqA&oe=6A154C14&_nc_sid=ae056e,Seguir
2022-05-16T09:32:43.000Z,,francisco_rodrigues_11,francisco_rodrigues_11,False,https://scontent-gru1-2.cdninstagram.com/v/t51.2885-19/106527789_301896004332188_4410247612964862736_n.jpg?stp=dst-jpg_s150x150_tt6&efg=eyJ2ZW5jb2RlX3RhZyI6InByb2ZpbGVfcGljLmRqYW5nby43NjguYzIifQ&_nc_ht=scontent-gru1-2.cdninstagram.com&_nc_cat=108&_nc_oc=Q6cZ2gGfdxv9wB8JLhUMWmwpAtFQ25bqEyIAqqoWjqNy-isIfqhSSLjYa_A-ca4twpPQlmwag5dP3_7Wj_yRyxR22mgI&_nc_ohc=6hCUX6ZBs1oQ7kNvwGbjY2j&_nc_gid=HxnDQSP8JQuKfwModOC9RQ&edm=ABDp2nEBAAAA&ccb=7-5&oh=00_Af6VsX2i1WgadWMfGLOoODG9bnf7ONvIRAF_1a0TxcRITg&oe=6A154D28&_nc_sid=ae056e,Seguir
2022-05-16T09:32:43.000Z,,vinisouzalentino,vinisouzalentino,False,https://scontent-gru1-2.cdninstagram.com/v/t51.82787-19/626263791_18410998519121336_6114836363602695510_n.jpg?stp=dst-jpg_s150x150_tt6&efg=eyJ2ZW5jb2RlX3RhZyI6InByb2ZpbGVfcGljLmRqYW5nby44MjguYzIifQ&_nc_ht=scontent-gru1-2.cdninstagram.com&_nc_cat=108&_nc_oc=Q6cZ2gGfdxv9wB8JLhUMWmwpAtFQ25bqEyIAqqoWjqNy-isIfqhSSLjYa_A-ca4twpPQlmwag5dP3_7Wj_yRyxR22mgI&_nc_ohc=ow8pLWs_UnoQ7kNvwHKjpav&_nc_gid=HxnDQSP8JQuKfwModOC9RQ&edm=ABDp2nEBAAAA&ccb=7-5&oh=00_Af5oE8AiOT5UoDaPXNRwtlTYm7oMQ7Lsh_IAGDp-EpT9BA&oe=6A155EC2&_nc_sid=ae056e,Seguir
2022-05-16T09:32:43.000Z,,thiago1403,thiago1403,False,https://scontent-gru2-1.cdninstagram.com/v/t51.82787-19/622141287_18558914671024699_6012306940160724877_n.jpg?stp=dst-jpg_s150x150_tt6&efg=eyJ2ZW5jb2RlX3RhZyI6InByb2ZpbGVfcGljLmRqYW5nby43NDIuYzIifQ&_nc_ht=scontent-gru2-1.cdninstagram.com&_nc_cat=107&_nc_oc=Q6cZ2gGfdxv9wB8JLhUMWmwpAtFQ25bqEyIAqqoWjqNy-isIfqhSSLjYa_A-ca4twpPQlmwag5dP3_7Wj_yRyxR22mgI&_nc_ohc=OkgbFM9TLPgQ7kNvwFHNW0B&_nc_gid=HxnDQSP8JQuKfwModOC9RQ&edm=ABDp2nEBAAAA&ccb=7-5&oh=00_Af5c7RRExJZ7CKbbofhi3lplP2-nHm0apEwIZfAzJiIfRg&oe=6A15410B&_nc_sid=ae056e,Seguir
2022-05-16T09:32:43.000Z,,danielasfreis,danielasfreis,False,https://scontent-gru2-2.cdninstagram.com/v/t51.82787-19/517973386_18520357588033662_8234987631559292987_n.jpg?stp=dst-jpg_s150x150_tt6&efg=eyJ2ZW5jb2RlX3RhZyI6InByb2ZpbGVfcGljLmRqYW5nby4xMDgwLmMyIn0&_nc_ht=scontent-gru2-2.cdninstagram.com&_nc_cat=106&_nc_oc=Q6cZ2gGfdxv9wB8JLhUMWmwpAtFQ25bqEyIAqqoWjqNy-isIfqhSSLjYa_A-ca4twpPQlmwag5dP3_7Wj_yRyxR22mgI&_nc_ohc=9eyF0RxpgTMQ7kNvwEldk-9&_nc_gid=HxnDQSP8JQuKfwModOC9RQ&edm=ABDp2nEBAAAA&ccb=7-5&oh=00_Af5t4Fqix_zlP0OaZp2A-J2sal0hKN7ucDibWQInpjksJA&oe=6A156776&_nc_sid=ae056e,Seguir
2022-05-16T09:32:43.000Z,,a.gellner_photos,a.gellner_photos,False,https://scontent-gru1-2.cdninstagram.com/v/t51.82787-19/682652706_18417580432131456_2341085257383523018_n.jpg?stp=dst-jpg_s150x150_tt6&efg=eyJ2ZW5jb2RlX3RhZyI6InByb2ZpbGVfcGljLmRqYW5nby4xMDgwLmMyIn0&_nc_ht=scontent-gru1-2.cdninstagram.com&_nc_cat=100&_nc_oc=Q6cZ2gGfdxv9wB8JLhUMWmwpAtFQ25bqEyIAqqoWjqNy-isIfqhSSLjYa_A-ca4twpPQlmwag5dP3_7Wj_yRyxR22mgI&_nc_ohc=sidItkIULnkQ7kNvwHCnJsm&_nc_gid=HxnDQSP8JQuKfwModOC9RQ&edm=ABDp2nEBAAAA&ccb=7-5&oh=00_Af6ZdmTLMOAXT2bsEKc1KCmMCUH7-MYQuxpDf2eNERuIVw&oe=6A156D13&_nc_sid=ae056e,Seguir
2022-05-16T09:32:43.000Z,,lyndaadelaideteresalebrun,lyndaadelaideteresalebrun,False,https://scontent-gru1-1.cdninstagram.com/v/t51.2885-19/386166337_6735502829868916_8638435075587944829_n.jpg?stp=dst-jpg_s150x150_tt6&efg=eyJ2ZW5jb2RlX3RhZyI6InByb2ZpbGVfcGljLmRqYW5nby4xMDgwLmMyIn0&_nc_ht=scontent-gru1-1.cdninstagram.com&_nc_cat=104&_nc_oc=Q6cZ2gGfdxv9wB8JLhUMWmwpAtFQ25bqEyIAqqoWjqNy-isIfqhSSLjYa_A-ca4twpPQlmwag5dP3_7Wj_yRyxR22mgI&_nc_ohc=8x7OsamqBHsQ7kNvwGeCadr&_nc_gid=HxnDQSP8JQuKfwModOC9RQ&edm=ABDp2nEBAAAA&ccb=7-5&oh=00_Af5O6HSoMfJn1j5DDo0qAWrZexdpSmgCtm84CL9grMaSGg&oe=6A154C2E&_nc_sid=ae056e,Seguir
2022-05-16T09:32:43.000Z,,todeboas,todeboas,False,https://scontent-gru1-2.cdninstagram.com/v/t51.2885-19/433322165_7285720131520822_5952873817345790802_n.jpg?stp=dst-jpg_s150x150_tt6&efg=eyJ2ZW5jb2RlX3RhZyI6InByb2ZpbGVfcGljLmRqYW5nby4xMDgwLmMyIn0&_nc_ht=scontent-gru1-2.cdninstagram.com&_nc_cat=110&_nc_oc=Q6cZ2gGfdxv9wB8JLhUMWmwpAtFQ25bqEyIAqqoWjqNy-isIfqhSSLjYa_A-ca4twpPQlmwag5dP3_7Wj_yRyxR22mgI&_nc_ohc=ALsOXbpf_8cQ7kNvwH0DkI9&_nc_gid=HxnDQSP8JQuKfwModOC9RQ&edm=ABDp2nEBAAAA&ccb=7-5&oh=00_Af4e8JXMwvL75z_532sz34bTI4qZ04EhbsAkh5qAxcbIpw&oe=6A154275&_nc_sid=ae056e,Seguir
2022-05-16T09:32:43.000Z,,bibi_bonfa,bibi_bonfa,False,https://scontent-gru2-1.cdninstagram.com/v/t51.82787-19/551057495_18293847508248201_8776013131636747362_n.jpg?stp=dst-jpg_s150x150_tt6&efg=eyJ2ZW5jb2RlX3RhZyI6InByb2ZpbGVfcGljLmRqYW5nby44MjguYzIifQ&_nc_ht=scontent-gru2-1.cdninstagram.com&_nc_cat=109&_nc_oc=Q6cZ2gGfdxv9wB8JLhUMWmwpAtFQ25bqEyIAqqoWjqNy-isIfqhSSLjYa_A-ca4twpPQlmwag5dP3_7Wj_yRyxR22mgI&_nc_ohc=EaXeKOvPjncQ7kNvwFMlufr&_nc_gid=HxnDQSP8JQuKfwModOC9RQ&edm=ABDp2nEBAAAA&ccb=7-5&oh=00_Af6V5CtL6cyLiLinzooBssDfQ-5cJAPi99IiGy0Q-Z1d2g&oe=6A154DBF&_nc_sid=ae056e,Seguir
2022-05-16T09:32:43.000Z,,renato.fcr,renato.fcr,False,https://scontent-gru2-2.cdninstagram.com/v/t51.2885-19/350837708_950072049381077_7386044867912061585_n.jpg?stp=dst-jpg_s150x150_tt6&efg=eyJ2ZW5jb2RlX3RhZyI6InByb2ZpbGVfcGljLmRqYW5nby40ODAuYzIifQ&_nc_ht=scontent-gru2-2.cdninstagram.com&_nc_cat=105&_nc_oc=Q6cZ2gGfdxv9wB8JLhUMWmwpAtFQ25bqEyIAqqoWjqNy-isIfqhSSLjYa_A-ca4twpPQlmwag5dP3_7Wj_yRyxR22mgI&_nc_ohc=uDKWs-D9U4wQ7kNvwEVCREf&_nc_gid=HxnDQSP8JQuKfwModOC9RQ&edm=ABDp2nEBAAAA&ccb=7-5&oh=00_Af7GzmAROZXUDXp4830KAe5y-jIB3mklJkY2rsgXZUlxSQ&oe=6A156BA9&_nc_sid=ae056e,Seguir
2022-05-16T09:32:43.000Z,,bruno_ferreira_82,bruno_ferreira_82,False,https://scontent-gru2-1.cdninstagram.com/v/t51.2885-19/428438043_6848250238636519_6459344717341652712_n.jpg?stp=dst-jpg_s150x150_tt6&efg=eyJ2ZW5jb2RlX3RhZyI6InByb2ZpbGVfcGljLmRqYW5nby4xMDgwLmMyIn0&_nc_ht=scontent-gru2-1.cdninstagram.com&_nc_cat=107&_nc_oc=Q6cZ2gGfdxv9wB8JLhUMWmwpAtFQ25bqEyIAqqoWjqNy-isIfqhSSLjYa_A-ca4twpPQlmwag5dP3_7Wj_yRyxR22mgI&_nc_ohc=2b3QS5wS-K4Q7kNvwGQIv6X&_nc_gid=HxnDQSP8JQuKfwModOC9RQ&edm=ABDp2nEBAAAA&ccb=7-5&oh=00_Af7jhLsf2hhT1Gwe5Zb-KLtuQyr-CMPIObyVjpCsxgprHA&oe=6A155EFC&_nc_sid=ae056e,Seguir
2022-05-16T09:32:43.000Z,,jonnyxuxiko,jonnyxuxiko,False,https://scontent-gru1-1.cdninstagram.com/v/t51.82787-19/652606470_18542667586070224_3252644444347054067_n.jpg?stp=dst-jpg_s150x150_tt6&efg=eyJ2ZW5jb2RlX3RhZyI6InByb2ZpbGVfcGljLmRqYW5nby44MTUuYzIifQ&_nc_ht=scontent-gru1-1.cdninstagram.com&_nc_cat=104&_nc_oc=Q6cZ2gGfdxv9wB8JLhUMWmwpAtFQ25bqEyIAqqoWjqNy-isIfqhSSLjYa_A-ca4twpPQlmwag5dP3_7Wj_yRyxR22mgI&_nc_ohc=NrnAIjbb01QQ7kNvwFSuViO&_nc_gid=HxnDQSP8JQuKfwModOC9RQ&edm=ABDp2nEBAAAA&ccb=7-5&oh=00_Af5DKgjej_KT7txyE_9_P6l6RBBig8uHgxMd01XnNBj49Q&oe=6A153C09&_nc_sid=ae056e,Seguir
2022-05-16T09:32:43.000Z,,justjoshy92,justjoshy92,False,https://scontent-gru2-1.cdninstagram.com/v/t51.2885-19/367352867_834264701640347_489152276016565452_n.jpg?stp=dst-jpg_s150x150_tt6&efg=eyJ2ZW5jb2RlX3RhZyI6InByb2ZpbGVfcGljLmRqYW5nby4xMDgwLmMyIn0&_nc_ht=scontent-gru2-1.cdninstagram.com&_nc_cat=111&_nc_oc=Q6cZ2gGfdxv9wB8JLhUMWmwpAtFQ25bqEyIAqqoWjqNy-isIfqhSSLjYa_A-ca4twpPQlmwag5dP3_7Wj_yRyxR22mgI&_nc_ohc=T3ovFWw2_WIQ7kNvwEFE2y9&_nc_gid=HxnDQSP8JQuKfwModOC9RQ&edm=ABDp2nEBAAAA&ccb=7-5&oh=00_Af6cKk0lB10dKVKSkHoGPqoloB0xKSCj4Kr_jSoeYXPYnw&oe=6A154D35&_nc_sid=ae056e,Seguir
2022-05-16T09:32:43.000Z,,nadyaveloso,nadyaveloso,False,https://scontent-gru1-2.cdninstagram.com/v/t51.82787-19/558862758_18486617281076948_1529997651588863304_n.jpg?stp=dst-jpg_s150x150_tt6&efg=eyJ2ZW5jb2RlX3RhZyI6InByb2ZpbGVfcGljLmRqYW5nby4xMDgwLmMyIn0&_nc_ht=scontent-gru1-2.cdninstagram.com&_nc_cat=108&_nc_oc=Q6cZ2gGfdxv9wB8JLhUMWmwpAtFQ25bqEyIAqqoWjqNy-isIfqhSSLjYa_A-ca4twpPQlmwag5dP3_7Wj_yRyxR22mgI&_nc_ohc=NH64uwooYTkQ7kNvwGlzuBz&_nc_gid=HxnDQSP8JQuKfwModOC9RQ&edm=ABDp2nEBAAAA&ccb=7-5&oh=00_Af5XZKvXz7iJHVE18Id4C4QplGDV3EBRkiUFeNNt82GfqQ&oe=6A155901&_nc_sid=ae056e,Seguir
2022-05-16T09:32:43.000Z,,jhonnymirannda,jhonnymirannda,False,https://scontent-gru2-1.cdninstagram.com/v/t51.2885-19/435828886_773982724686645_7227070547791564179_n.jpg?stp=dst-jpg_s150x150_tt6&efg=eyJ2ZW5jb2RlX3RhZyI6InByb2ZpbGVfcGljLmRqYW5nby4xMDgwLmMyIn0&_nc_ht=scontent-gru2-1.cdninstagram.com&_nc_cat=109&_nc_oc=Q6cZ2gGfdxv9wB8JLhUMWmwpAtFQ25bqEyIAqqoWjqNy-isIfqhSSLjYa_A-ca4twpPQlmwag5dP3_7Wj_yRyxR22mgI&_nc_ohc=VtHZSNkH5Q4Q7kNvwH3UKwK&_nc_gid=HxnDQSP8JQuKfwModOC9RQ&edm=ABDp2nEBAAAA&ccb=7-5&oh=00_Af6VlboWgHot6QZeUXMAr7_INlM7KHf1qCv8jRCeP0eeoA&oe=6A155E5A&_nc_sid=ae056e,Seguir
2022-05-16T09:32:43.000Z,,higzie23,higzie23,False,https://scontent-gru1-2.cdninstagram.com/v/t51.2885-19/368419547_265558519596392_6963623373638761246_n.jpg?stp=dst-jpg_s150x150_tt6&efg=eyJ2ZW5jb2RlX3RhZyI6InByb2ZpbGVfcGljLmRqYW5nby4xMDgwLmMyIn0&_nc_ht=scontent-gru1-2.cdninstagram.com&_nc_cat=108&_nc_oc=Q6cZ2gGfdxv9wB8JLhUMWmwpAtFQ25bqEyIAqqoWjqNy-isIfqhSSLjYa_A-ca4twpPQlmwag5dP3_7Wj_yRyxR22mgI&_nc_ohc=yG5KIxTCaFQQ7kNvwEpSiSr&_nc_gid=HxnDQSP8JQuKfwModOC9RQ&edm=ABDp2nEBAAAA&ccb=7-5&oh=00_Af6w5-u7lQjloNaAbzSYiCzPxoGnBl-DnXNwawG5D9KXNQ&oe=6A154BD3&_nc_sid=ae056e,Seguir
2022-05-16T09:32:43.000Z,,hjcsventure,hjcsventure,False,https://scontent-gru2-2.cdninstagram.com/v/t51.2885-19/47190710_1198527160323665_245602104184406016_n.jpg?stp=dst-jpg_s150x150_tt6&efg=eyJ2ZW5jb2RlX3RhZyI6InByb2ZpbGVfcGljLmRqYW5nby4xMDgwLmMyIn0&_nc_ht=scontent-gru2-2.cdninstagram.com&_nc_cat=105&_nc_oc=Q6cZ2gGfdxv9wB8JLhUMWmwpAtFQ25bqEyIAqqoWjqNy-isIfqhSSLjYa_A-ca4twpPQlmwag5dP3_7Wj_yRyxR22mgI&_nc_ohc=hqOcAQ0mq5UQ7kNvwGXsJzn&_nc_gid=HxnDQSP8JQuKfwModOC9RQ&edm=ABDp2nEBAAAA&ccb=7-5&oh=00_Af5dtW9AIBe3pHHBznkwqANwQuyANVOwwVTg9a8ZMzBb1g&oe=6A154ECE&_nc_sid=ae056e,Seguir
2022-05-16T09:32:43.000Z,,yingchih16,yingchih16,False,https://scontent-gru2-2.cdninstagram.com/v/t51.2885-19/502144632_18484223137067297_1967291940411190056_n.jpg?stp=dst-jpg_s150x150_tt6&efg=eyJ2ZW5jb2RlX3RhZyI6InByb2ZpbGVfcGljLmRqYW5nby4xMDgwLmMyIn0&_nc_ht=scontent-gru2-2.cdninstagram.com&_nc_cat=105&_nc_oc=Q6cZ2gGfdxv9wB8JLhUMWmwpAtFQ25bqEyIAqqoWjqNy-isIfqhSSLjYa_A-ca4twpPQlmwag5dP3_7Wj_yRyxR22mgI&_nc_ohc=XamWo7Thed0Q7kNvwF0u3cg&_nc_gid=HxnDQSP8JQuKfwModOC9RQ&edm=ABDp2nEBAAAA&ccb=7-5&oh=00_Af7pkOWfKEUpGJIIKfrJkuUgKWQVFDhkDhIWZkjeKzXQxQ&oe=6A154E8B&_nc_sid=ae056e,Seguir
2022-05-16T09:32:43.000Z,,davidallbuq,davidallbuq,False,https://scontent-gru2-1.cdninstagram.com/v/t51.82787-19/587758356_18375548785152933_8406795827767708455_n.jpg?stp=dst-jpg_s150x150_tt6&efg=eyJ2ZW5jb2RlX3RhZyI6InByb2ZpbGVfcGljLmRqYW5nby4xMDgwLmMyIn0&_nc_ht=scontent-gru2-1.cdninstagram.com&_nc_cat=109&_nc_oc=Q6cZ2gGfdxv9wB8JLhUMWmwpAtFQ25bqEyIAqqoWjqNy-isIfqhSSLjYa_A-ca4twpPQlmwag5dP3_7Wj_yRyxR22mgI&_nc_ohc=8Vo_dWstUnYQ7kNvwH9vMfs&_nc_gid=HxnDQSP8JQuKfwModOC9RQ&edm=ABDp2nEBAAAA&ccb=7-5&oh=00_Af7JkzqVG3Rc3WhursH2Rp_Aq30E_COCnr__3ipUJr6DbQ&oe=6A156511&_nc_sid=ae056e,Seguir
2022-05-16T09:32:43.000Z,,agurtzan,agurtzan,False,https://scontent-gru1-2.cdninstagram.com/v/t51.2885-19/11374049_1613367248936895_1318835238_a.jpg?stp=dst-jpg_s150x150_tt6&efg=eyJ2ZW5jb2RlX3RhZyI6InByb2ZpbGVfcGljLmRqYW5nby4xNTAuYzIifQ&_nc_ht=scontent-gru1-2.cdninstagram.com&_nc_cat=103&_nc_oc=Q6cZ2gGfdxv9wB8JLhUMWmwpAtFQ25bqEyIAqqoWjqNy-isIfqhSSLjYa_A-ca4twpPQlmwag5dP3_7Wj_yRyxR22mgI&_nc_ohc=Yl4z9UWSORUQ7kNvwE1Y4Ei&_nc_gid=HxnDQSP8JQuKfwModOC9RQ&edm=ABDp2nEBAAAA&ccb=7-5&oh=00_Af6c34H_JzF7B0abAngT5Pw8SmtviJur68nTiMsjp19TxA&oe=6A156261&_nc_sid=ae056e,Seguir
2022-05-16T09:32:43.000Z,,rottenqueen84,rottenqueen84,False,https://scontent-gru1-2.cdninstagram.com/v/t51.2885-19/481377559_8963111300484070_8946839154802812027_n.jpg?stp=dst-jpg_s150x150_tt6&efg=eyJ2ZW5jb2RlX3RhZyI6InByb2ZpbGVfcGljLmRqYW5nby45NTguYzIifQ&_nc_ht=scontent-gru1-2.cdninstagram.com&_nc_cat=110&_nc_oc=Q6cZ2gGfdxv9wB8JLhUMWmwpAtFQ25bqEyIAqqoWjqNy-isIfqhSSLjYa_A-ca4twpPQlmwag5dP3_7Wj_yRyxR22mgI&_nc_ohc=5A3mt21GmV8Q7kNvwE0WlG2&_nc_gid=HxnDQSP8JQuKfwModOC9RQ&edm=ABDp2nEBAAAA&ccb=7-5&oh=00_Af7IxZjgQDyH2gNgyCZGu98uhvws83T5rB1e6BDLWAV-iw&oe=6A15681E&_nc_sid=ae056e,Seguir
2022-05-16T09:32:43.000Z,,andresantosvet,andresantosvet,False,https://scontent-gru2-2.cdninstagram.com/v/t51.2885-19/475663863_9113385012110381_1822452149230033092_n.jpg?stp=dst-jpg_s150x150_tt6&efg=eyJ2ZW5jb2RlX3RhZyI6InByb2ZpbGVfcGljLmRqYW5nby45MzguYzIifQ&_nc_ht=scontent-gru2-2.cdninstagram.com&_nc_cat=105&_nc_oc=Q6cZ2gGfdxv9wB8JLhUMWmwpAtFQ25bqEyIAqqoWjqNy-isIfqhSSLjYa_A-ca4twpPQlmwag5dP3_7Wj_yRyxR22mgI&_nc_ohc=eI01fwpm8NsQ7kNvwFeT9B-&_nc_gid=HxnDQSP8JQuKfwModOC9RQ&edm=ABDp2nEBAAAA&ccb=7-5&oh=00_Af6XmXe_DAHquXRtAelLmIjRYMHiprOqp-PIlFIP6aJFhw&oe=6A1562F1&_nc_sid=ae056e,Seguir
2022-05-16T09:32:43.000Z,,ana_margarida_tomaz,ana_margarida_tomaz,False,https://scontent-gru2-2.cdninstagram.com/v/t51.82787-19/521665916_18513887224061358_1214201490832722164_n.jpg?stp=dst-jpg_s150x150_tt6&efg=eyJ2ZW5jb2RlX3RhZyI6InByb2ZpbGVfcGljLmRqYW5nby4xMDgwLmMyIn0&_nc_ht=scontent-gru2-2.cdninstagram.com&_nc_cat=106&_nc_oc=Q6cZ2gGfdxv9wB8JLhUMWmwpAtFQ25bqEyIAqqoWjqNy-isIfqhSSLjYa_A-ca4twpPQlmwag5dP3_7Wj_yRyxR22mgI&_nc_ohc=uI8mFNeRPqkQ7kNvwHWdlAi&_nc_gid=HxnDQSP8JQuKfwModOC9RQ&edm=ABDp2nEBAAAA&ccb=7-5&oh=00_Af7UsoYurr0tDFrq6VrhuqlGHgruIDRc_y3w1x8VCY5Z_w&oe=6A156608&_nc_sid=ae056e,Seguir
2022-05-16T09:32:43.000Z,,luisgustavo.dc,luisgustavo.dc,False,https://scontent-gru1-2.cdninstagram.com/v/t51.82787-19/681582049_18583703977002224_5082838893033805825_n.jpg?stp=dst-jpg_s150x150_tt6&efg=eyJ2ZW5jb2RlX3RhZyI6InByb2ZpbGVfcGljLmRqYW5nby4xMDgwLmMyIn0&_nc_ht=scontent-gru1-2.cdninstagram.com&_nc_cat=108&_nc_oc=Q6cZ2gGfdxv9wB8JLhUMWmwpAtFQ25bqEyIAqqoWjqNy-isIfqhSSLjYa_A-ca4twpPQlmwag5dP3_7Wj_yRyxR22mgI&_nc_ohc=XbqzLAtQQL8Q7kNvwE6oSzp&_nc_gid=HxnDQSP8JQuKfwModOC9RQ&edm=ABDp2nEBAAAA&ccb=7-5&oh=00_Af4rzTbAnjeXxKrSuqDw0evejL7zet_ixa6Uabu786tI7g&oe=6A153AE3&_nc_sid=ae056e,Seguir
2022-05-16T09:32:43.000Z,,rodrigomenezes28,rodrigomenezes28,False,https://scontent-gru2-1.cdninstagram.com/v/t51.2885-19/328807920_2402241586599839_7674159062954240622_n.jpg?stp=dst-jpg_s150x150_tt6&efg=eyJ2ZW5jb2RlX3RhZyI6InByb2ZpbGVfcGljLmRqYW5nby4xMDgwLmMyIn0&_nc_ht=scontent-gru2-1.cdninstagram.com&_nc_cat=111&_nc_oc=Q6cZ2gGfdxv9wB8JLhUMWmwpAtFQ25bqEyIAqqoWjqNy-isIfqhSSLjYa_A-ca4twpPQlmwag5dP3_7Wj_yRyxR22mgI&_nc_ohc=am9Gz0RpxxQQ7kNvwFVAbdc&_nc_gid=HxnDQSP8JQuKfwModOC9RQ&edm=ABDp2nEBAAAA&ccb=7-5&oh=00_Af6Tjh8JXwCDCK4WFuhe7wdWup4ntaHER-oCK-3vQJN-Nw&oe=6A155863&_nc_sid=ae056e,Seguir
2022-05-16T09:32:43.000Z,,ritinha_monteiro_,ritinha_monteiro_,False,https://scontent-gru1-2.cdninstagram.com/v/t51.82787-19/572155408_18531194095013496_2061757949285459846_n.jpg?stp=dst-jpg_s150x150_tt6&efg=eyJ2ZW5jb2RlX3RhZyI6InByb2ZpbGVfcGljLmRqYW5nby4xMDgwLmMyIn0&_nc_ht=scontent-gru1-2.cdninstagram.com&_nc_cat=100&_nc_oc=Q6cZ2gGfdxv9wB8JLhUMWmwpAtFQ25bqEyIAqqoWjqNy-isIfqhSSLjYa_A-ca4twpPQlmwag5dP3_7Wj_yRyxR22mgI&_nc_ohc=CTGoCk0xN3cQ7kNvwHFX5Nd&_nc_gid=HxnDQSP8JQuKfwModOC9RQ&edm=ABDp2nEBAAAA&ccb=7-5&oh=00_Af6n5ZODVlB_Px1dCDGLV1Jv_AZ3U_bmYDlW5aA4QGEFSw&oe=6A156CF1&_nc_sid=ae056e,Seguir
2022-05-16T09:32:43.000Z,,handulkakrett,handulkakrett,False,https://scontent-gru1-2.cdninstagram.com/v/t51.82787-19/698764748_18315555367273980_3564816143978140027_n.jpg?stp=dst-jpg_s150x150_tt6&efg=eyJ2ZW5jb2RlX3RhZyI6InByb2ZpbGVfcGljLmRqYW5nby4xMDgwLmMyIn0&_nc_ht=scontent-gru1-2.cdninstagram.com&_nc_cat=100&_nc_oc=Q6cZ2gGfdxv9wB8JLhUMWmwpAtFQ25bqEyIAqqoWjqNy-isIfqhSSLjYa_A-ca4twpPQlmwag5dP3_7Wj_yRyxR22mgI&_nc_ohc=oOl0I2QERtsQ7kNvwH5ZdDJ&_nc_gid=HxnDQSP8JQuKfwModOC9RQ&edm=ABDp2nEBAAAA&ccb=7-5&oh=00_Af7IWdJMfz9EjVi3lbfrJxmvreLoJgkijqf8JsYSND4qAg&oe=6A155C1F&_nc_sid=ae056e,Seguir
2022-05-16T09:32:43.000Z,,zarazarka17,zarazarka17,False,https://scontent-gru1-2.cdninstagram.com/v/t51.82787-19/601268054_18442711159102078_5278072359901459543_n.jpg?stp=dst-jpg_s150x150_tt6&efg=eyJ2ZW5jb2RlX3RhZyI6InByb2ZpbGVfcGljLmRqYW5nby4xMDgwLmMyIn0&_nc_ht=scontent-gru1-2.cdninstagram.com&_nc_cat=110&_nc_oc=Q6cZ2gGfdxv9wB8JLhUMWmwpAtFQ25bqEyIAqqoWjqNy-isIfqhSSLjYa_A-ca4twpPQlmwag5dP3_7Wj_yRyxR22mgI&_nc_ohc=QeTP1dhNkPYQ7kNvwF8EOpG&_nc_gid=HxnDQSP8JQuKfwModOC9RQ&edm=ABDp2nEBAAAA&ccb=7-5&oh=00_Af6El7IwccbrTfZ-2kJey_n3EHo5ci-spbfzuN6rXm4img&oe=6A15492D&_nc_sid=ae056e,Seguir
2022-05-16T09:32:43.000Z,,rogerioserafim.profissional,rogerioserafim.profissional,False,https://scontent-gru1-2.cdninstagram.com/v/t51.82787-19/695773437_18448067164116927_7499664292450843994_n.jpg?stp=dst-jpg_s150x150_tt6&efg=eyJ2ZW5jb2RlX3RhZyI6InByb2ZpbGVfcGljLmRqYW5nby4xMDgwLmMyIn0&_nc_ht=scontent-gru1-2.cdninstagram.com&_nc_cat=103&_nc_oc=Q6cZ2gGfdxv9wB8JLhUMWmwpAtFQ25bqEyIAqqoWjqNy-isIfqhSSLjYa_A-ca4twpPQlmwag5dP3_7Wj_yRyxR22mgI&_nc_ohc=Rp6rQxUyEisQ7kNvwHXRpPf&_nc_gid=HxnDQSP8JQuKfwModOC9RQ&edm=ABDp2nEBAAAA&ccb=7-5&oh=00_Af5rZP-z5bSQMGH6y23eW0n6A9cwxJwLx6DZKBcqe0HANQ&oe=6A15581F&_nc_sid=ae056e,Seguir
2022-05-16T09:32:43.000Z,,rachelcalazans,rachelcalazans,False,https://scontent-gru2-2.cdninstagram.com/v/t51.2885-19/469630859_3505230939778010_9077966730969204823_n.jpg?stp=dst-jpg_s150x150_tt6&efg=eyJ2ZW5jb2RlX3RhZyI6InByb2ZpbGVfcGljLmRqYW5nby4xMDgwLmMyIn0&_nc_ht=scontent-gru2-2.cdninstagram.com&_nc_cat=102&_nc_oc=Q6cZ2gGfdxv9wB8JLhUMWmwpAtFQ25bqEyIAqqoWjqNy-isIfqhSSLjYa_A-ca4twpPQlmwag5dP3_7Wj_yRyxR22mgI&_nc_ohc=m0KWNyW4cuEQ7kNvwEXtHqJ&_nc_gid=HxnDQSP8JQuKfwModOC9RQ&edm=ABDp2nEBAAAA&ccb=7-5&oh=00_Af68EcIhY5sWgeWp1MGyUJE-HFZDq2yOSmeeHWUm9Ia-2A&oe=6A155566&_nc_sid=ae056e,Seguir
2022-05-16T09:32:43.000Z,,esoragoto_bangkok,esoragoto_bangkok,False,https://scontent-gru1-2.cdninstagram.com/v/t51.2885-19/491425893_1851874298899332_1931687548807412202_n.jpg?stp=dst-jpg_s150x150_tt6&efg=eyJ2ZW5jb2RlX3RhZyI6InByb2ZpbGVfcGljLmRqYW5nby4xMDgwLmMyIn0&_nc_ht=scontent-gru1-2.cdninstagram.com&_nc_cat=100&_nc_oc=Q6cZ2gGfdxv9wB8JLhUMWmwpAtFQ25bqEyIAqqoWjqNy-isIfqhSSLjYa_A-ca4twpPQlmwag5dP3_7Wj_yRyxR22mgI&_nc_ohc=Ru7tMMb5JPgQ7kNvwFzZkzv&_nc_gid=HxnDQSP8JQuKfwModOC9RQ&edm=ABDp2nEBAAAA&ccb=7-5&oh=00_Af73lOrp5V8Q09fvmhr1Bf29Vawrk6A964KjvDGx8stjOA&oe=6A153CC3&_nc_sid=ae056e,Seguir
2022-05-16T09:32:43.000Z,,janjandusings,janjandusings,False,https://scontent-gru1-1.cdninstagram.com/v/t51.2885-19/85169429_220318015812517_7439049236898906112_n.jpg?stp=dst-jpg_s150x150_tt6&efg=eyJ2ZW5jb2RlX3RhZyI6InByb2ZpbGVfcGljLmRqYW5nby4xMDc4LmMyIn0&_nc_ht=scontent-gru1-1.cdninstagram.com&_nc_cat=101&_nc_oc=Q6cZ2gGfdxv9wB8JLhUMWmwpAtFQ25bqEyIAqqoWjqNy-isIfqhSSLjYa_A-ca4twpPQlmwag5dP3_7Wj_yRyxR22mgI&_nc_ohc=r3e8hpXZDkMQ7kNvwHnaEQ6&_nc_gid=HxnDQSP8JQuKfwModOC9RQ&edm=ABDp2nEBAAAA&ccb=7-5&oh=00_Af4u3vbwmrMpxbGWzq8APpetqamOgBzKhOOTBKsHz1XAWQ&oe=6A15673F&_nc_sid=ae056e,Seguir
2022-05-16T09:32:43.000Z,,viniciuscordeiron,viniciuscordeiron,False,https://scontent-gru1-1.cdninstagram.com/v/t51.82787-19/670526823_18579223615035784_7558535964382345708_n.jpg?stp=dst-jpg_s150x150_tt6&efg=eyJ2ZW5jb2RlX3RhZyI6InByb2ZpbGVfcGljLmRqYW5nby41NTEuYzIifQ&_nc_ht=scontent-gru1-1.cdninstagram.com&_nc_cat=104&_nc_oc=Q6cZ2gGfdxv9wB8JLhUMWmwpAtFQ25bqEyIAqqoWjqNy-isIfqhSSLjYa_A-ca4twpPQlmwag5dP3_7Wj_yRyxR22mgI&_nc_ohc=ookRrPkTdfwQ7kNvwFqjYkT&_nc_gid=HxnDQSP8JQuKfwModOC9RQ&edm=ABDp2nEBAAAA&ccb=7-5&oh=00_Af5HWFEU6nf-UYnGHQwQT-bEVZrNMbpk07Bn6tmOhCnBKg&oe=6A154231&_nc_sid=ae056e,Seguir
2022-05-16T09:32:43.000Z,,rosemond.amewornu,rosemond.amewornu,False,https://scontent-gru1-2.cdninstagram.com/v/t51.2885-19/463157051_991478612781488_4119229353406535258_n.jpg?stp=dst-jpg_s150x150_tt6&efg=eyJ2ZW5jb2RlX3RhZyI6InByb2ZpbGVfcGljLmRqYW5nby4xMDgwLmMyIn0&_nc_ht=scontent-gru1-2.cdninstagram.com&_nc_cat=108&_nc_oc=Q6cZ2gGfdxv9wB8JLhUMWmwpAtFQ25bqEyIAqqoWjqNy-isIfqhSSLjYa_A-ca4twpPQlmwag5dP3_7Wj_yRyxR22mgI&_nc_ohc=zIHgP1LOiNQQ7kNvwHuKXlx&_nc_gid=HxnDQSP8JQuKfwModOC9RQ&edm=ABDp2nEBAAAA&ccb=7-5&oh=00_Af5Wpfu8263O2EslF3jrdedUXo6INjOwoPioqLYxRydWkA&oe=6A1541A9&_nc_sid=ae056e,Seguir
2022-05-16T09:32:43.000Z,,andrecherin,andrecherin,False,https://scontent-gru1-1.cdninstagram.com/v/t51.2885-19/316138072_1082065469079256_8289631634288624783_n.jpg?stp=dst-jpg_s150x150_tt6&efg=eyJ2ZW5jb2RlX3RhZyI6InByb2ZpbGVfcGljLmRqYW5nby4xMDgwLmMyIn0&_nc_ht=scontent-gru1-1.cdninstagram.com&_nc_cat=104&_nc_oc=Q6cZ2gGfdxv9wB8JLhUMWmwpAtFQ25bqEyIAqqoWjqNy-isIfqhSSLjYa_A-ca4twpPQlmwag5dP3_7Wj_yRyxR22mgI&_nc_ohc=sWFJILLVVksQ7kNvwGuVeFt&_nc_gid=HxnDQSP8JQuKfwModOC9RQ&edm=ABDp2nEBAAAA&ccb=7-5&oh=00_Af7mLBLYjM7cnKUMHq8FrelCLp7I8-V94JuHRCuXEPYXKQ&oe=6A1547D2&_nc_sid=ae056e,Seguir
2022-05-16T09:32:43.000Z,,comfdefelipe,comfdefelipe,False,https://scontent-gru1-1.cdninstagram.com/v/t51.2885-19/131888889_426613345178929_4144576230547908887_n.jpg?stp=dst-jpg_s150x150_tt6&efg=eyJ2ZW5jb2RlX3RhZyI6InByb2ZpbGVfcGljLmRqYW5nby40MzcuYzIifQ&_nc_ht=scontent-gru1-1.cdninstagram.com&_nc_cat=101&_nc_oc=Q6cZ2gGfdxv9wB8JLhUMWmwpAtFQ25bqEyIAqqoWjqNy-isIfqhSSLjYa_A-ca4twpPQlmwag5dP3_7Wj_yRyxR22mgI&_nc_ohc=8iD9XPMPj2QQ7kNvwFzo4t8&_nc_gid=HxnDQSP8JQuKfwModOC9RQ&edm=ABDp2nEBAAAA&ccb=7-5&oh=00_Af7TK9PenTmIxGUwIUQ10mcg553ULIIXtg9dMbAjzRhI1g&oe=6A155D55&_nc_sid=ae056e,Seguir
2022-05-16T09:32:43.000Z,,phillagrimante,phillagrimante,False,https://scontent-gru1-2.cdninstagram.com/v/t51.2885-19/437167146_957624269160843_8759047374677203061_n.jpg?stp=dst-jpg_s150x150_tt6&efg=eyJ2ZW5jb2RlX3RhZyI6InByb2ZpbGVfcGljLmRqYW5nby4xMDgwLmMyIn0&_nc_ht=scontent-gru1-2.cdninstagram.com&_nc_cat=103&_nc_oc=Q6cZ2gGfdxv9wB8JLhUMWmwpAtFQ25bqEyIAqqoWjqNy-isIfqhSSLjYa_A-ca4twpPQlmwag5dP3_7Wj_yRyxR22mgI&_nc_ohc=v9twEE4VKp8Q7kNvwGE7IYr&_nc_gid=HxnDQSP8JQuKfwModOC9RQ&edm=ABDp2nEBAAAA&ccb=7-5&oh=00_Af6yh18qLPPFIElOCMejXdXzfCDnHONrD8XGESRsVnfc9g&oe=6A156981&_nc_sid=ae056e,Seguir
2022-05-16T09:32:43.000Z,,sergepelli,sergepelli,False,https://scontent-gru2-1.cdninstagram.com/v/t51.82787-19/683583460_18097065710273807_4768940046850988828_n.jpg?stp=dst-jpg_s150x150_tt6&efg=eyJ2ZW5jb2RlX3RhZyI6InByb2ZpbGVfcGljLmRqYW5nby45NTguYzIifQ&_nc_ht=scontent-gru2-1.cdninstagram.com&_nc_cat=111&_nc_oc=Q6cZ2gGfdxv9wB8JLhUMWmwpAtFQ25bqEyIAqqoWjqNy-isIfqhSSLjYa_A-ca4twpPQlmwag5dP3_7Wj_yRyxR22mgI&_nc_ohc=IVMCoozvyt0Q7kNvwGSZaMS&_nc_gid=HxnDQSP8JQuKfwModOC9RQ&edm=ABDp2nEBAAAA&ccb=7-5&oh=00_Af4ggnepImaij2bg_-TUby5W061R-Tuxwitkj_0LX0Qh2w&oe=6A1565F7&_nc_sid=ae056e,Seguir
2022-05-16T09:32:43.000Z,,femcgonagall,femcgonagall,False,https://scontent-gru2-2.cdninstagram.com/v/t51.2885-19/484900906_2629854923885525_4728529148990021062_n.jpg?stp=dst-jpg_s150x150_tt6&efg=eyJ2ZW5jb2RlX3RhZyI6InByb2ZpbGVfcGljLmRqYW5nby4xMDgwLmMyIn0&_nc_ht=scontent-gru2-2.cdninstagram.com&_nc_cat=105&_nc_oc=Q6cZ2gGfdxv9wB8JLhUMWmwpAtFQ25bqEyIAqqoWjqNy-isIfqhSSLjYa_A-ca4twpPQlmwag5dP3_7Wj_yRyxR22mgI&_nc_ohc=suv5WrxY5OAQ7kNvwGPjeJ1&_nc_gid=HxnDQSP8JQuKfwModOC9RQ&edm=ABDp2nEBAAAA&ccb=7-5&oh=00_Af7FZQ7bf2d7cWjgpHu57yBLotqjoXkFYyAcOose8fF67g&oe=6A153862&_nc_sid=ae056e,Seguir
2022-05-16T09:32:43.000Z,,natercia.swarte,natercia.swarte,False,https://scontent-gru1-1.cdninstagram.com/v/t51.82787-19/573678840_18533095612059349_133069334085637287_n.jpg?stp=dst-jpg_s150x150_tt6&efg=eyJ2ZW5jb2RlX3RhZyI6InByb2ZpbGVfcGljLmRqYW5nby4xMDgwLmMyIn0&_nc_ht=scontent-gru1-1.cdninstagram.com&_nc_cat=101&_nc_oc=Q6cZ2gGfdxv9wB8JLhUMWmwpAtFQ25bqEyIAqqoWjqNy-isIfqhSSLjYa_A-ca4twpPQlmwag5dP3_7Wj_yRyxR22mgI&_nc_ohc=L4PnjszfpN4Q7kNvwEXl_a_&_nc_gid=HxnDQSP8JQuKfwModOC9RQ&edm=ABDp2nEBAAAA&ccb=7-5&oh=00_Af4MOckxtLdkfRWmXvtu7a18Au4gIn_yeH0JoDsBehb4wg&oe=6A155CCE&_nc_sid=ae056e,Seguir
2022-05-16T09:32:43.000Z,,heyritahey,heyritahey,False,https://scontent-gru1-2.cdninstagram.com/v/t51.82787-19/681595024_18582229576059358_9058638507167917116_n.jpg?stp=dst-jpg_s150x150_tt6&efg=eyJ2ZW5jb2RlX3RhZyI6InByb2ZpbGVfcGljLmRqYW5nby4xMDgwLmMyIn0&_nc_ht=scontent-gru1-2.cdninstagram.com&_nc_cat=110&_nc_oc=Q6cZ2gGfdxv9wB8JLhUMWmwpAtFQ25bqEyIAqqoWjqNy-isIfqhSSLjYa_A-ca4twpPQlmwag5dP3_7Wj_yRyxR22mgI&_nc_ohc=EDNwKD9n8X8Q7kNvwF1aevW&_nc_gid=HxnDQSP8JQuKfwModOC9RQ&edm=ABDp2nEBAAAA&ccb=7-5&oh=00_Af4ul4SfV6_ka7vUp6AsUu193H6Yw_rJ0-e-6E0X2WsxBQ&oe=6A153B85&_nc_sid=ae056e,Seguir
2022-05-16T09:32:43.000Z,,caiovale077,caiovale077,False,https://scontent-waw2-2.cdninstagram.com/v/t51.2885-19/573323465_1219825463302212_7278921664109726296_n.png?stp=dst-jpg_tt6&efg=eyJ2ZW5jb2RlX3RhZyI6InByb2ZpbGVfcGljLmRqYW5nby4xNTAuYzIifQ&_nc_ht=scontent-waw2-2.cdninstagram.com&_nc_cat=1&_nc_oc=Q6cZ2gHhxfLGa_gds3m1NeFlE6GfOya9skf7LPIT_B0UD6WB4ZSoAUu-xczuhY7VeBU-gr9VElqbHhBLD_LOBUCfjWbn&_nc_ohc=rmKfL3AZ2ycQ7kNvwEB5ikL&_nc_gid=E1OEb3Pk0gApwEuhWTwqSQ&edm=APs17CUBAAAA&ccb=7-5&ig_cache_key=YW5vbnltb3VzX3Byb2ZpbGVfcGlj.3-ccb7-5&oh=00_Af4JL6ncYtKATdR7Qfvtmr1DD11h0wS9ISyESEa-ZXuN5w&oe=6A15576A&_nc_sid=10d13b,Seguir
2022-05-16T09:32:43.000Z,,heydylaaaaan,heydylaaaaan,False,https://scontent-gru1-2.cdninstagram.com/v/t51.82787-19/689394213_18594006514028902_6930123611636369037_n.jpg?stp=dst-jpg_s150x150_tt6&efg=eyJ2ZW5jb2RlX3RhZyI6InByb2ZpbGVfcGljLmRqYW5nby4xMDgwLmMyIn0&_nc_ht=scontent-gru1-2.cdninstagram.com&_nc_cat=110&_nc_oc=Q6cZ2gGfdxv9wB8JLhUMWmwpAtFQ25bqEyIAqqoWjqNy-isIfqhSSLjYa_A-ca4twpPQlmwag5dP3_7Wj_yRyxR22mgI&_nc_ohc=5tySyBxd_fQQ7kNvwEFVFi9&_nc_gid=HxnDQSP8JQuKfwModOC9RQ&edm=ABDp2nEBAAAA&ccb=7-5&oh=00_Af6l8v6A-ZVZ9xX2WFoFoz3H-OWHUPxlmAXbGwNH2coNYw&oe=6A155D32&_nc_sid=ae056e,Seguir
2022-05-16T09:32:43.000Z,,edy_vet,edy_vet,False,https://scontent-gru1-2.cdninstagram.com/v/t51.2885-19/499704165_18503874355019175_2322717690360292159_n.jpg?stp=dst-jpg_s150x150_tt6&efg=eyJ2ZW5jb2RlX3RhZyI6InByb2ZpbGVfcGljLmRqYW5nby4xMDgwLmMyIn0&_nc_ht=scontent-gru1-2.cdninstagram.com&_nc_cat=103&_nc_oc=Q6cZ2gGfdxv9wB8JLhUMWmwpAtFQ25bqEyIAqqoWjqNy-isIfqhSSLjYa_A-ca4twpPQlmwag5dP3_7Wj_yRyxR22mgI&_nc_ohc=tZBxe9YcLtQQ7kNvwFXexbD&_nc_gid=HxnDQSP8JQuKfwModOC9RQ&edm=ABDp2nEBAAAA&ccb=7-5&oh=00_Af6qRE0KYR_yXXo2QtQJ_rs7akHthq7yoBEVsYEvULNquw&oe=6A155B8D&_nc_sid=ae056e,Seguir
2022-05-16T09:32:43.000Z,,bagiorgetti,bagiorgetti,False,https://scontent-gru2-1.cdninstagram.com/v/t51.82787-19/684139698_18589921129012775_5222428069820765486_n.jpg?stp=dst-jpg_s150x150_tt6&efg=eyJ2ZW5jb2RlX3RhZyI6InByb2ZpbGVfcGljLmRqYW5nby4xMDgwLmMyIn0&_nc_ht=scontent-gru2-1.cdninstagram.com&_nc_cat=111&_nc_oc=Q6cZ2gGfdxv9wB8JLhUMWmwpAtFQ25bqEyIAqqoWjqNy-isIfqhSSLjYa_A-ca4twpPQlmwag5dP3_7Wj_yRyxR22mgI&_nc_ohc=EihjQ9s8P3YQ7kNvwH5BI2n&_nc_gid=HxnDQSP8JQuKfwModOC9RQ&edm=ABDp2nEBAAAA&ccb=7-5&oh=00_Af5inOw1L4K9X3O93IT85R2xnJgfvWnnh5lAnGqSALYZOQ&oe=6A154434&_nc_sid=ae056e,Seguir
2022-05-16T09:32:43.000Z,,marcia_miguel7,marcia_miguel7,False,https://scontent-gru2-1.cdninstagram.com/v/t51.2885-19/482571096_627148946573649_6842311553746553666_n.jpg?stp=dst-jpg_s150x150_tt6&efg=eyJ2ZW5jb2RlX3RhZyI6InByb2ZpbGVfcGljLmRqYW5nby4xMDgwLmMyIn0&_nc_ht=scontent-gru2-1.cdninstagram.com&_nc_cat=109&_nc_oc=Q6cZ2gGfdxv9wB8JLhUMWmwpAtFQ25bqEyIAqqoWjqNy-isIfqhSSLjYa_A-ca4twpPQlmwag5dP3_7Wj_yRyxR22mgI&_nc_ohc=yhZf5hEqI8wQ7kNvwG7X8-k&_nc_gid=HxnDQSP8JQuKfwModOC9RQ&edm=ABDp2nEBAAAA&ccb=7-5&oh=00_Af7-dTq4hJBg1_l48ydyCH6Sgr9_Yqlp6UM3xfhiS4rIyQ&oe=6A153F69&_nc_sid=ae056e,Seguir
2022-05-16T09:32:43.000Z,,ugolinibr,ugolinibr,False,https://scontent-gru2-1.cdninstagram.com/v/t51.2885-19/469072223_895496746027055_7512317279685018762_n.jpg?stp=dst-jpg_s150x150_tt6&efg=eyJ2ZW5jb2RlX3RhZyI6InByb2ZpbGVfcGljLmRqYW5nby45MTAuYzIifQ&_nc_ht=scontent-gru2-1.cdninstagram.com&_nc_cat=111&_nc_oc=Q6cZ2gGfdxv9wB8JLhUMWmwpAtFQ25bqEyIAqqoWjqNy-isIfqhSSLjYa_A-ca4twpPQlmwag5dP3_7Wj_yRyxR22mgI&_nc_ohc=8K-xGiqgv-wQ7kNvwEOMz1T&_nc_gid=HxnDQSP8JQuKfwModOC9RQ&edm=ABDp2nEBAAAA&ccb=7-5&oh=00_Af5wvwRdtFRjWCD4lQxbN9PVtUggwN-QCN40DpmMYVHY3g&oe=6A155BE6&_nc_sid=ae056e,Seguir
2022-05-16T09:32:43.000Z,,lausimoes2112,lausimoes2112,False,https://scontent-gru2-2.cdninstagram.com/v/t51.2885-19/394153580_1018504522733250_482969972494597822_n.jpg?stp=dst-jpg_s150x150_tt6&efg=eyJ2ZW5jb2RlX3RhZyI6InByb2ZpbGVfcGljLmRqYW5nby4xMDgwLmMyIn0&_nc_ht=scontent-gru2-2.cdninstagram.com&_nc_cat=106&_nc_oc=Q6cZ2gGfdxv9wB8JLhUMWmwpAtFQ25bqEyIAqqoWjqNy-isIfqhSSLjYa_A-ca4twpPQlmwag5dP3_7Wj_yRyxR22mgI&_nc_ohc=MtC5MocgYi8Q7kNvwGizm0b&_nc_gid=HxnDQSP8JQuKfwModOC9RQ&edm=ABDp2nEBAAAA&ccb=7-5&oh=00_Af7iaY4J0CJPHrbj6g1UkhqCkL06YAvhxPUBeCaoBJJ6qQ&oe=6A155993&_nc_sid=ae056e,Seguir
2022-05-16T09:32:43.000Z,,assiaassia9966,assiaassia9966,False,https://scontent-gru1-2.cdninstagram.com/v/t51.2885-19/323373676_5897256373664928_2613384487324017432_n.jpg?stp=dst-jpg_s150x150_tt6&efg=eyJ2ZW5jb2RlX3RhZyI6InByb2ZpbGVfcGljLmRqYW5nby45NTYuYzIifQ&_nc_ht=scontent-gru1-2.cdninstagram.com&_nc_cat=100&_nc_oc=Q6cZ2gGfdxv9wB8JLhUMWmwpAtFQ25bqEyIAqqoWjqNy-isIfqhSSLjYa_A-ca4twpPQlmwag5dP3_7Wj_yRyxR22mgI&_nc_ohc=rpVvrVophK0Q7kNvwHP78xx&_nc_gid=HxnDQSP8JQuKfwModOC9RQ&edm=ABDp2nEBAAAA&ccb=7-5&oh=00_Af5-JfsDDtqVVGwJWkrAgiCl9FAt4PyefW3S0GxJwMKbkg&oe=6A155827&_nc_sid=ae056e,Seguir
2022-05-16T09:32:43.000Z,,drapaulaanimalamigo,drapaulaanimalamigo,False,https://scontent-gru1-2.cdninstagram.com/v/t51.2885-19/457017351_8479231462107024_4306448220486070634_n.jpg?stp=dst-jpg_s150x150_tt6&efg=eyJ2ZW5jb2RlX3RhZyI6InByb2ZpbGVfcGljLmRqYW5nby4xMDgwLmMyIn0&_nc_ht=scontent-gru1-2.cdninstagram.com&_nc_cat=100&_nc_oc=Q6cZ2gGfdxv9wB8JLhUMWmwpAtFQ25bqEyIAqqoWjqNy-isIfqhSSLjYa_A-ca4twpPQlmwag5dP3_7Wj_yRyxR22mgI&_nc_ohc=DMKXDBDILVwQ7kNvwGFTXJ4&_nc_gid=HxnDQSP8JQuKfwModOC9RQ&edm=ABDp2nEBAAAA&ccb=7-5&oh=00_Af6AKgsphvKN0-XmeSA8MoXt4TWPaU0UQBhjt5KmCGUnPA&oe=6A154F0D&_nc_sid=ae056e,Seguir
2022-05-16T09:32:43.000Z,,fran_inacio_,fran_inacio_,False,https://scontent-gru2-2.cdninstagram.com/v/t51.2885-19/383018281_700010118707226_6141051653378149861_n.jpg?stp=dst-jpg_s150x150_tt6&efg=eyJ2ZW5jb2RlX3RhZyI6InByb2ZpbGVfcGljLmRqYW5nby4xMDgwLmMyIn0&_nc_ht=scontent-gru2-2.cdninstagram.com&_nc_cat=106&_nc_oc=Q6cZ2gGfdxv9wB8JLhUMWmwpAtFQ25bqEyIAqqoWjqNy-isIfqhSSLjYa_A-ca4twpPQlmwag5dP3_7Wj_yRyxR22mgI&_nc_ohc=PZuTf8laCeUQ7kNvwG5IW3F&_nc_gid=HxnDQSP8JQuKfwModOC9RQ&edm=ABDp2nEBAAAA&ccb=7-5&oh=00_Af4JrO8uGiP3fMsfSo61jpgTLNyfp_qmZibSN-WLp7FXQg&oe=6A156157&_nc_sid=ae056e,Seguir
2022-05-16T09:32:43.000Z,,gargi_chanda,gargi_chanda,False,https://scontent-gru2-2.cdninstagram.com/v/t51.2885-19/347780929_260849266510121_5184841682727866248_n.jpg?stp=dst-jpg_s150x150_tt6&efg=eyJ2ZW5jb2RlX3RhZyI6InByb2ZpbGVfcGljLmRqYW5nby4xMDgwLmMyIn0&_nc_ht=scontent-gru2-2.cdninstagram.com&_nc_cat=105&_nc_oc=Q6cZ2gGfdxv9wB8JLhUMWmwpAtFQ25bqEyIAqqoWjqNy-isIfqhSSLjYa_A-ca4twpPQlmwag5dP3_7Wj_yRyxR22mgI&_nc_ohc=t3H5f_LWk78Q7kNvwHL58XX&_nc_gid=HxnDQSP8JQuKfwModOC9RQ&edm=ABDp2nEBAAAA&ccb=7-5&oh=00_Af6kSnfQ_z5lHjICygG98J7-4zlqxD8Z95VneWAWgrl40A&oe=6A1544AB&_nc_sid=ae056e,Seguir
2022-05-16T09:32:43.000Z,,veronicasb1219,veronicasb1219,False,https://scontent-gru1-1.cdninstagram.com/v/t51.2885-19/273816909_171539018537644_8465449997825016926_n.jpg?stp=dst-jpg_s150x150_tt6&efg=eyJ2ZW5jb2RlX3RhZyI6InByb2ZpbGVfcGljLmRqYW5nby4xMDgwLmMyIn0&_nc_ht=scontent-gru1-1.cdninstagram.com&_nc_cat=104&_nc_oc=Q6cZ2gGfdxv9wB8JLhUMWmwpAtFQ25bqEyIAqqoWjqNy-isIfqhSSLjYa_A-ca4twpPQlmwag5dP3_7Wj_yRyxR22mgI&_nc_ohc=7CumUmriq3UQ7kNvwGhYmXs&_nc_gid=HxnDQSP8JQuKfwModOC9RQ&edm=ABDp2nEBAAAA&ccb=7-5&oh=00_Af5p-QTXt_krEBAGRx8g9hUyMd5LKgtm-K-WjSboDZEZDQ&oe=6A155B30&_nc_sid=ae056e,Seguir
2022-05-16T09:32:43.000Z,,pri_obrito,pri_obrito,False,https://scontent-gru1-2.cdninstagram.com/v/t51.2885-19/410795468_1075859580330202_7526082521228749301_n.jpg?stp=dst-jpg_s150x150_tt6&efg=eyJ2ZW5jb2RlX3RhZyI6InByb2ZpbGVfcGljLmRqYW5nby4xMDgwLmMyIn0&_nc_ht=scontent-gru1-2.cdninstagram.com&_nc_cat=110&_nc_oc=Q6cZ2gGfdxv9wB8JLhUMWmwpAtFQ25bqEyIAqqoWjqNy-isIfqhSSLjYa_A-ca4twpPQlmwag5dP3_7Wj_yRyxR22mgI&_nc_ohc=t05kUUUpqgcQ7kNvwFlkylc&_nc_gid=HxnDQSP8JQuKfwModOC9RQ&edm=ABDp2nEBAAAA&ccb=7-5&oh=00_Af7ikYfiaq-3DGX2EFGZ10ttd4pUKPvd3FYrtPCK_CGsFw&oe=6A153E79&_nc_sid=ae056e,Seguir
2022-05-16T09:32:43.000Z,,vans.dent.insta,vans.dent.insta,False,https://scontent-gru1-1.cdninstagram.com/v/t51.2885-19/500160038_18396253309117309_4089095057208207629_n.jpg?stp=dst-jpg_s150x150_tt6&efg=eyJ2ZW5jb2RlX3RhZyI6InByb2ZpbGVfcGljLmRqYW5nby4xMDgwLmMyIn0&_nc_ht=scontent-gru1-1.cdninstagram.com&_nc_cat=101&_nc_oc=Q6cZ2gGfdxv9wB8JLhUMWmwpAtFQ25bqEyIAqqoWjqNy-isIfqhSSLjYa_A-ca4twpPQlmwag5dP3_7Wj_yRyxR22mgI&_nc_ohc=C3ssu_3mCXgQ7kNvwGKJcE3&_nc_gid=HxnDQSP8JQuKfwModOC9RQ&edm=ABDp2nEBAAAA&ccb=7-5&oh=00_Af60oKReQoa-dG1Hufvf4VGy5eK6ESyjq67ZXAOVZ1HCCQ&oe=6A155FE3&_nc_sid=ae056e,Seguir
